YGRCTY1-3,YGRCDELTA30,0.8156466930780888
YGRCTY1-3,YGRWSIGMA7,0.7090781922783362
YGRCTY1-3,YGRWDELTA31,0.6772659570558446
YGRCTY1-3,YGRCTAU3,0.6661410803068017
YGRCTY1-3,YGRWDELTA32,0.7875688431086613
YGRCTY1-3,YGR295C,0.4865400187928609
YGRCTY1-3,YGRCDELTA15,0.7658670698781895
YGRCTY1-3,YGRCTY1-2,0.9077666124544479
YGRCTY1-3,YGRCDELTA16,0.7727714859931633
YGRCTY1-3,YGRCDELTA17,0.7804920682099892
YGRCTY1-3,YGRCTY2-1,0.876884060624135
YGRCTY1-3,TL(GAG)G,0.46483830178776875
YGRCTY1-3,YGRWDELTA19,0.665711333879523
YGRCTY1-3,YGRWTY3-1,0.7461781416833537
YGRCTY1-3,YGRCDELTA20,0.47645523845331494
YGRCTY1-3,YGRWDELTA21,0.03986842689624859
YGRCTY1-3,YGRWSIGMA6,0.7124614487697819
YGRCTY1-3,YGLCDELTA5,0.49063835688398266
YGRCTY1-3,YGLCSIGMA1,0.5940702054852276
YGRCTY1-3,YGLCTAU3,0.5470251250806364
YGRCTY1-3,YGLWDELTA6,0.5881403268134112
YGRCTY1-3,YGLWSIGMA2,0.6022960504873132
YGRCTY1-3,YGLWDELTA7,0.779667458281604
YGRCTY1-3,YGLWDELTA8,0.5481831497046554
YGRCTY1-3,YGLWDELTA9,0.6247567626145283
YGRCTY1-3,YGLCSIGMA3,0.44489413490452273
YGRCTY1-3,YGLWDELTA10,0.6488709017160502
YGRCTY1-3,YGRCDELTA12,0.6176647357458672
YGRCTY1-3,YGRWTY1-1,0.8643739251142578
YGRCTY1-3,NC_001138,0.766553438717564
YGRCTY1-3,YFLWTY2-1,0.6834652429402468
YGRCTY1-3,YFLWDELTA4,0.6210276803752907
YGRCTY1-3,YFLWDELTA5,0.6876546404105909
YGRCTY1-3,YFLWTAU1,0.6310231274955177
YGRCTY1-3,YFLCDELTA6,0.5237503342255746
YGRCTY1-3,YFRWDELTA7,0.6830564910360506
YGRCTY1-3,YFRCDELTA8,0.7409070606372323
YGRCTY1-3,YFRCDELTA9,0.40878492900995295
YGRCTY1-3,YFRWDELTA10,0.5966624563262694
YGRCTY1-3,YGLWOMEGA1,0.0337660931725075
YGRCTY1-3,YGL260W,0.6015143907606304
YGRCTY1-3,YGLWTAU1,0.7141635622519847
YGRCTY1-3,YGLCDELTA1,0.7501263184468243
YGRCTY1-3,YGLWDELTA2,0.5475980295468678
YGRCTY1-3,YGLWDELTA3,0.6131548483400382
YGRCTY1-3,YGLWTAU2,0.4457579793353642
YGRCTY1-3,YGLWDELTA4,0.6251420645265198
YGRCTY1-3,YERWDELTA18,0.575986882575216
YGRCTY1-3,YERWDELTA22,0.8213989200134647
YGRCTY1-3,YERCSIGMA4,0.831228991004588
YGRCTY1-3,YERCDELTA23,0.8068036682473789
YGRCTY1-3,YERCDELTA24,0.7618723248508361
YGRCTY1-3,YERWDELTA25,0.2364110167624841
YGRCTY1-3,YERCDELTA26,0.07337291053500014
YGRCTY1-3,YERCOMEGA1,0.36198192264072426
YGRCTY1-3,YERWOMEGA2,0.516088968613263
YGRCTY1-3,YER188c-a,0.5184308120772406
YGRCTY1-3,YFL063W,0.5496570495071798
YGRCTY1-3,YFL062W,0.5026261183233572
YGRCTY1-3,YFLWDELTA1,0.5988417653027456
YGRCTY1-3,YFLWDELTA2,0.6174856912974358
YGRCTY1-3,YFLWDELTA3,0.6972064172972923
YGRCTY1-3,YERWDELTA11,0.6699089704471644
YGRCTY1-3,YERWDELTA12,0.2749498834861013
YGRCTY1-3,YERWDELTA13,0.1840683955196773
YGRCTY1-3,YERCTAU2,0.5790146290125112
YGRCTY1-3,YERCSIGMA2,0.5810313669541538
YGRCTY1-3,YERCDELTA14,0.7107359097919701
YGRCTY1-3,YERCSIGMA3,0.775395437237185
YGRCTY1-3,YERCDELTA15,0.5164213261739582
YGRCTY1-3,YERCDELTA16,0.6878718440787348
YGRCTY1-3,YERCTAU3,0.5793165762595512
YGRCTY1-3,YERWDELTA17,0.7583118780441094
YGRCTY1-3,YERCDELTA19,0.6886085865500216
YGRCTY1-3,YERCTY1-1,0.7714673958562549
YGRCTY1-3,YERWDELTA21,0.6334438601946866
YGRCTY1-3,YDR543C,0.5428818583733825
YGRCTY1-3,YDR544C,0.38400638789085184
YGRCTY1-3,TG(GCC)E,-0.04466183080765469
YGRCTY1-3,YELWDELTA2,0.5974089680824224
YGRCTY1-3,YELWDELTA1,0.19368975283854653
YGRCTY1-3,TS(AGA)E,0.48593843266673015
YGRCTY1-3,YELCDELTA3,0.1267643784868922
YGRCTY1-3,YELCTAU1,0.5789329521028863
YGRCTY1-3,TQ(UUG)E2,0.2082024518323302
YGRCTY1-3,YELCDELTA4,0.7841212851939863
YGRCTY1-3,YELWDELTA5,0.5487275876311456
YGRCTY1-3,YELWDELTA6,0.5690475701855822
YGRCTY1-3,TR(UCU)E,0.13898238387909462
YGRCTY1-3,YERWDELTA7,0.6818971582218554
YGRCTY1-3,TE(UUC)E1,0.09135919741722479
YGRCTY1-3,TH(GUG)E1,0.3438242916417667
YGRCTY1-3,YERCDELTA8,0.6475892550913492
YGRCTY1-3,YERWDELTA9,0.7019078343521582
YGRCTY1-3,YERCSIGMA1,0.8466157482520986
YGRCTY1-3,TQ(UUG)E1,0.24566804093923655
YGRCTY1-3,YERCDELTA10,0.6135126043256782
YGRCTY1-3,TS(UGA)E,0.6044290589504971
YGRCTY1-3,YDRCDELTA22,0.8149125903196561
YGRCTY1-3,YDRWSIGMA4,0.40731217012600124
YGRCTY1-3,TG(GCC)D2,-0.029348874508901578
YGRCTY1-3,TE(CUC)D,0.2813896351676883
YGRCTY1-3,YDRWSIGMA5,0.8500520207868748
YGRCTY1-3,TV(CAC)D,0.6928871739952158
YGRCTY1-3,YDRWDELTA23,0.8407378184150696
YGRCTY1-3,YDRWTY1-4,0.8234780671686115
YGRCTY1-3,YDRWDELTA24,0.8788628080264712
YGRCTY1-3,YDRWDELTA25,0.6621693810948838
YGRCTY1-3,YDRCSIGMA6,0.2926934082200873
YGRCTY1-3,YDRWDELTA26,0.7606299191923868
YGRCTY1-3,YDRWDELTA27,0.768030158051643
YGRCTY1-3,YDRWTY1-5,0.6723587372107334
YGRCTY1-3,YDRWDELTA28,0.6200844979109162
YGRCTY1-3,TG(CCC)D,0.3229916791544621
YGRCTY1-3,TS(AGA)D3,0.5773279112947208
YGRCTY1-3,YDRWDELTA29,0.7447288621655054
YGRCTY1-3,YDRWDELTA30,0.5392519875034548
YGRCTY1-3,YDRWDELTA31,0.4533020204950494
YGRCTY1-3,YDR542W,0.5107984144621416
YGRCTY1-3,YDRWDELTA10,0.56190115701361
YGRCTY1-3,TQ(UUG)D3,0.4221585065703719
YGRCTY1-3,YDRWDELTA11,0.6573430778154362
YGRCTY1-3,YDRWDELTA13,0.5726937452141142
YGRCTY1-3,YDRWTY2-2,0.7084442778509841
YGRCTY1-3,YDRWDELTA14,0.6406056313420727
YGRCTY1-3,YDRCTY1-2,0.8099191609436165
YGRCTY1-3,YDRWDELTA12,0.6659344171603349
YGRCTY1-3,YDRCSIGMA3,0.7604745994693659
YGRCTY1-3,TS(AGA)D2,0.5108542784352269
YGRCTY1-3,YDRWDELTA19,0.7117835269156121
YGRCTY1-3,YDRWTY2-3,0.800353979742142
YGRCTY1-3,YDRWDELTA20,0.7387551732931709
YGRCTY1-3,YDRCDELTA21,0.7007099308787296
YGRCTY1-3,YDRCTY1-3,0.8791056256259197
YGRCTY1-3,YDRCDELTA2,0.5980982557516025
YGRCTY1-3,YDRCDELTA3,0.6790779910335666
YGRCTY1-3,YDRCDELTA4,0.7211615583732711
YGRCTY1-3,YDRCTY2-1,0.7528611163217317
YGRCTY1-3,YDRCDELTA5,0.6872549783159673
YGRCTY1-3,YDRCDELTA6A,0.5112246652427203
YGRCTY1-3,YDRWDELTA7,0.6784040058533397
YGRCTY1-3,TQ(UUG)D1,0.2425789538472445
YGRCTY1-3,TR(UCU)D,0.18619268111455978
YGRCTY1-3,TR(ACG)D,0.22794544112115023
YGRCTY1-3,TQ(UUG)D2,0.3597945805573198
YGRCTY1-3,YDRCDELTA7,0.7765029991144214
YGRCTY1-3,YDRCTY1-1,0.862901504671289
YGRCTY1-3,YDRCDELTA8,0.8386180127810775
YGRCTY1-3,YDRCSIGMA1,0.6756482827489796
YGRCTY1-3,YDRCDELTA9,0.5644824356002289
YGRCTY1-3,YDRCSIGMA2,0.6257562087808546
YGRCTY1-3,TP(AGG)C,0.027503240994062258
YGRCTY1-3,YCRCDELTA6,0.7777155764273365
YGRCTY1-3,YCR007C,0.7022138766234551
YGRCTY1-3,TN(GUU)C,0.42596191973700054
YGRCTY1-3,TG(GCC)C,0.012225220703570856
YGRCTY1-3,YCRCDELTA7,0.8095373606416342
YGRCTY1-3,YCRWDELTA8,0.6633388754239123
YGRCTY1-3,YCRWDELTA9,0.13657560012731845
YGRCTY1-3,YCRCtau1,0.24569889218751903
YGRCTY1-3,YCRWDELTA10,0.797710906408357
YGRCTY1-3,TQ(UUG)C,0.28017169585263213
YGRCTY1-3,YCRWDELTA11,0.444751003786554
YGRCTY1-3,YCRWDELTA12,0.52476483655653
YGRCTY1-3,YCRWOMEGA3,0.2634472565215971
YGRCTY1-3,YCRWDELTA13,0.5718486884830778
YGRCTY1-3,YCRCDELTA14,0.057168603186831694
YGRCTY1-3,YDL248W,0.5436061624272989
YGRCTY1-3,TG(GCC)D1,-0.09692871779018097
YGRCTY1-3,TA(AGC)D,0.4826474197493539
YGRCTY1-3,YDLCDELTA1,0.6021368797635399
YGRCTY1-3,YDLWTAU1,0.6774919181091311
YGRCTY1-3,TS(AGA)D1,0.4990685070404814
YGRCTY1-3,YBRWDELTA17,0.5711243208499492
YGRCTY1-3,TQ(UUG)B,0.24349573123229967
YGRCTY1-3,TR(UCU)B,0.2280724608609555
YGRCTY1-3,YBRCDELTA18,0.21590385895176686
YGRCTY1-3,YBRCDELTA19,0.5537134361798081
YGRCTY1-3,TE(UUC)B,-0.04681053174731872
YGRCTY1-3,YBR302C,0.5335487279474576
YGRCTY1-3,YCLWOMEGA1,0.34154557233699523
YGRCTY1-3,YCLWTY5-1,0.2315121735213846
YGRCTY1-3,YCLWOMEGA2,0.06827318730155701
YGRCTY1-3,TE(UUC)C,0.06626088257541926
YGRCTY1-3,YCLCDELTA1,0.6984790869135715
YGRCTY1-3,YCLWDELTA2A,0.6025213142295299
YGRCTY1-3,YCLWDELTA3,0.6938160389076827
YGRCTY1-3,YCLWdelta2b,0.5242416003200618
YGRCTY1-3,YCLWDELTA4,0.7443293906128895
YGRCTY1-3,YCLWTY2-1,0.8366287015693838
YGRCTY1-3,YCLWDELTA5,0.7935275029777741
YGRCTY1-3,YBLWDELTA3,0.18530347957303897
YGRCTY1-3,YBLWDELTA4,0.7188538514949666
YGRCTY1-3,YBLWTY2-1,0.681791359937867
YGRCTY1-3,YBLWDELTA5,0.7225035729136533
YGRCTY1-3,YBLWDELTA6,0.48442772167622655
YGRCTY1-3,YBLWTAU1,0.746739108475304
YGRCTY1-3,YBLCDELTA7,0.6879722459376928
YGRCTY1-3,TG(GCC)B,0.0008326538091657049
YGRCTY1-3,YBLCSIGMA1,0.7097164419145311
YGRCTY1-3,YBLWDELTA8,0.6254211783591933
YGRCTY1-3,YBLWDELTA9,0.7860711221324809
YGRCTY1-3,YBLWTY1-1,0.9216277779447751
YGRCTY1-3,YBLWDELTA10,0.8020383967840052
YGRCTY1-3,TS(AGA)B,0.5683643968325679
YGRCTY1-3,YBRCDELTA11,0.6372590022176748
YGRCTY1-3,YBRWDELTA12,0.7642628708192121
YGRCTY1-3,YBRWTY1-2,0.9388738737680206
YGRCTY1-3,YBRWDELTA13,0.7476534094692788
YGRCTY1-3,YBRCDELTA14,0.2673385520711196
YGRCTY1-3,TV(UAC)B,0.3188851154412349
YGRCTY1-3,YBRWDELTA15,0.4497500232858656
YGRCTY1-3,YBRWDELTA16,0.6997051851737782
YGRCTY1-3,YPRCTY1-2,0.8898444698332719
YGRCTY1-3,YPRCDELTA19,0.8133587098332951
YGRCTY1-3,YPRWDELTA20,0.8231065277802664
YGRCTY1-3,YPRWTY1-3,0.8850867759598837
YGRCTY1-3,YPRWDELTA21,0.8139850534948601
YGRCTY1-3,YPRCDELTA22,0.6268873624835577
YGRCTY1-3,YPRCDELTA23,0.7460586304805991
YGRCTY1-3,YPRCTY1-4,0.8434880213313077
YGRCTY1-3,YPRCDELTA24,0.8282176716585751
YGRCTY1-3,YPRWSIGMA3,0.7323778449080494
YGRCTY1-3,TA(AGC)P,0.29284186363801307
YGRCTY1-3,TG(GCC)P2,-0.11691464616018672
YGRCTY1-3,YPRWSIGMA4,0.5520965728822592
YGRCTY1-3,YPRCTAU3,0.7132435544105478
YGRCTY1-3,YPRWTAU4,0.5421553252452256
YGRCTY1-3,YPR204W,0.5757693701805802
YGRCTY1-3,YBL112C,0.2922759592640411
YGRCTY1-3,YBL108W,0.38967039379435103
YGRCTY1-3,YBLWDELTA1,0.13168119696362912
YGRCTY1-3,YBLWDELTA2,0.7606453590887511
YGRCTY1-3,TC(GCA)P1,0.4768920438483335
YGRCTY1-3,YPLWDELTA9,0.45400672890575205
YGRCTY1-3,YPLCDELTA10,0.5799476692911532
YGRCTY1-3,YPLWDELTA11,0.626884944298641
YGRCTY1-3,YPLCTAU1,0.6617719372904612
YGRCTY1-3,YPLCTY4-1,0.6468192650802796
YGRCTY1-3,YPLCTAU2,0.710549287900771
YGRCTY1-3,YPRWDELTA12,0.7640677707448685
YGRCTY1-3,YPRCDELTA13,0.5414446538077018
YGRCTY1-3,TG(GCC)P1,-0.02849711424338854
YGRCTY1-3,TS(UGA)P,0.6808889681832758
YGRCTY1-3,TT(UGU)P,-0.04505159119605223
YGRCTY1-3,YPRWSIGMA2,0.7389389270193832
YGRCTY1-3,YPRWDELTA14,0.28209392445946946
YGRCTY1-3,YPRCDELTA15,0.7013823962522506
YGRCTY1-3,YPRWDELTA16,0.4488947112798986
YGRCTY1-3,YPRWDELTA17,0.6448964528963395
YGRCTY1-3,YPRCDELTA18,0.7255523892354466
YGRCTY1-3,YORCDELTA21,0.684767796846019
YGRCTY1-3,YORWTAU3,0.519922206962632
YGRCTY1-3,TA(UGC)O,0.516860658874438
YGRCTY1-3,YORWSIGMA3,0.8313394371887778
YGRCTY1-3,YORWSIGMA4,0.5364120007265688
YGRCTY1-3,YORWDELTA22,0.5825844670711106
YGRCTY1-3,YORWDELTA23,0.7070738675075235
YGRCTY1-3,YORWTY2-2,0.855404551594317
YGRCTY1-3,YORWDELTA24,0.7129007186197035
YGRCTY1-3,YORCDELTA25,0.625417426933052
YGRCTY1-3,YPLCDELTA1,0.38097283736321663
YGRCTY1-3,YPLWSIGMA1,0.32239577249887413
YGRCTY1-3,YPLWDELTA3,0.785076054448799
YGRCTY1-3,YPLWTY1-1,0.7761685583836267
YGRCTY1-3,YPLWDELTA4,0.8098560270662931
YGRCTY1-3,YPLWDELTA5,0.7983132863948271
YGRCTY1-3,YPLWDELTA6,0.7118107736206596
YGRCTY1-3,TE(UUC)P,0.03161211126320022
YGRCTY1-3,YPLWDELTA7,0.2895156204251609
YGRCTY1-3,YPLWDELTA8,0.8663304572126138
YGRCTY1-3,YOLCDELTA8,0.22557584905838224
YGRCTY1-3,TR(ACG)O,0.40862178311782377
YGRCTY1-3,YOLCDELTA9,0.23973063730574823
YGRCTY1-3,YOLWSIGMA2,0.06951342720367
YGRCTY1-3,YOLWDELTA10,0.6034006456324353
YGRCTY1-3,YORCDELTA11,0.6335196532319941
YGRCTY1-3,TG(CCC)O,0.24402970835018062
YGRCTY1-3,YORWDELTA12,0.6999265888782077
YGRCTY1-3,YORWDELTA13,0.7936848253414125
YGRCTY1-3,YORWTY1-2,0.8739153903797083
YGRCTY1-3,YORWDELTA14,0.7963497082286285
YGRCTY1-3,YORCDELTA15,0.6099550472267126
YGRCTY1-3,YORWDELTA16,0.5924677965974472
YGRCTY1-3,YORWDELTA17,0.8100512900315304
YGRCTY1-3,YORCDELTA18,0.5102950106601205
YGRCTY1-3,YORWDELTA19,0.17415571835646762
YGRCTY1-3,YORWTAU2,0.6125710380524163
YGRCTY1-3,YORCDELTA20,0.675258528539128
YGRCTY1-3,YORCTY2-1,0.7411443515106926
YGRCTY1-3,YNRWSIGMA4,0.715506954067031
YGRCTY1-3,YNRCDELTA8,0.7472913878980136
YGRCTY1-3,YNRCDELTA9,0.6436069114332572
YGRCTY1-3,YNR075W,0.41100668407448854
YGRCTY1-3,YNR077C,0.3946027327954622
YGRCTY1-3,YOLCDELTA1,0.3694919652160314
YGRCTY1-3,YOLWTAU1,0.5440701047732958
YGRCTY1-3,YOLCDELTA2,0.4098282671817871
YGRCTY1-3,TG(UCC)O,0.4229743931222133
YGRCTY1-3,YOLCDELTA3,0.7138503139797614
YGRCTY1-3,YOLWDELTA4,0.7222780061526191
YGRCTY1-3,NC_001147,0.8378070655232943
YGRCTY1-3,YOLWTY1-1,0.7239250913830615
YGRCTY1-3,YOLWDELTA5,0.769790502612026
YGRCTY1-3,TG(GCC)O1,-0.08608385711148518
YGRCTY1-3,YOLWSIGMA1,0.4169337916671924
YGRCTY1-3,YOLWDELTA6,0.5605001966725327
YGRCTY1-3,YOLCDELTA7,0.5314942102380118
YGRCTY1-3,TG(GCC)O2,-0.008665461755623466
YGRCTY1-3,YNL339C,-0.03387710396263396
YGRCTY1-3,YNL337W,0.5673943361044375
YGRCTY1-3,YNL336W,0.5585985047346188
YGRCTY1-3,TG(UCC)N,0.3991145134665375
YGRCTY1-3,YNLWTAU1,0.6199079680148848
YGRCTY1-3,YNLCDELTA1,0.73861411510697
YGRCTY1-3,YNLCTY1-1,0.775985489902749
YGRCTY1-3,YNLCDELTA2,0.7033986483260559
YGRCTY1-3,YNLCSIGMA1,0.4835608383783113
YGRCTY1-3,YNLWDELTA3,0.7543287150130804
YGRCTY1-3,YNLWTY1-2,0.68712685172416
YGRCTY1-3,YNLWDELTA4,0.7953807320729409
YGRCTY1-3,YNLWSIGMA2,0.7217319258916486
YGRCTY1-3,YNLWSIGMA3,0.84029255039893
YGRCTY1-3,YNLWTAU2,0.747513519947629
YGRCTY1-3,YNLCDELTA5,0.8293181563975225
YGRCTY1-3,YNLCTY2-1,0.8218271445456947
YGRCTY1-3,YNLCDELTA6,0.7285588189719447
YGRCTY1-3,TP(AGG)N,-0.022644081676294274
YGRCTY1-3,YNRCDELTA7,0.7865798305835735
YGRCTY1-3,YNRCTAU3,0.6219283711548429
YGRCTY1-3,YMRCDELTA9,0.7151081911687001
YGRCTY1-3,YMRCTY1-4,0.7927085559220585
YGRCTY1-3,YMRCDELTA10,0.7843847058635952
YGRCTY1-3,YMRCDELTA11,0.42785640836388694
YGRCTY1-3,YMRWDELTA12,0.4972641844780279
YGRCTY1-3,YMRCDELTA13,0.547979051565472
YGRCTY1-3,YMRCDELTA14,0.35916163558644404
YGRCTY1-3,YMRWDELTA15,0.4162560774855449
YGRCTY1-3,YMRWDELTA16,0.7085161597399775
YGRCTY1-3,YMRWTAU2,0.6454193634383936
YGRCTY1-3,YMRWDELTA17,0.6760960026782971
YGRCTY1-3,YMRCDELTA18,0.42762636017732425
YGRCTY1-3,TR(UCU)M1,0.19882365132878618
YGRCTY1-3,TA(AGC)M2,0.5386986177890333
YGRCTY1-3,YMRWDELTA19,0.6728080086788288
YGRCTY1-3,TQ(CUG)M,0.6340193437444608
YGRCTY1-3,YMRCTAU3,0.6408982484890798
YGRCTY1-3,YMRWDELTA20,0.44605249582541384
YGRCTY1-3,YMRWDELTA21,0.5281134052879004
YGRCTY1-3,YMR326C,0.447037937243707
YGRCTY1-3,TR(UCU)M2,0.1504610326931717
YGRCTY1-3,YMLCDELTA1,0.5548518352346368
YGRCTY1-3,YMLCDELTA2,0.7096008815680248
YGRCTY1-3,TG(GCC)M,0.034275980368631165
YGRCTY1-3,YMLWDELTA3,0.7179129827358516
YGRCTY1-3,YMLWTY1-1,0.7151848056160647
YGRCTY1-3,YMLWDELTA4,0.7031825639658527
YGRCTY1-3,YMLWDELTA5,0.6408813338066576
YGRCTY1-3,NC_001145,0.7547642153819765
YGRCTY1-3,YMLWTY1-2,0.5824371854995378
YGRCTY1-3,YMLWDELTA6,0.739097718937206
YGRCTY1-3,TS(AGA)M,0.5711599636415224
YGRCTY1-3,YMRCTAU1,0.19205814000010693
YGRCTY1-3,TE(UUC)M,0.038361719946739536
YGRCTY1-3,TA(AGC)M1,0.5578163433068781
YGRCTY1-3,YMRCDELTA7,0.7233594854356963
YGRCTY1-3,YMRCTY1-3,0.8103889470257603
YGRCTY1-3,YMRCDELTA8,0.765978410812908
YGRCTY1-3,TH(GUG)M,0.23756965919017026
YGRCTY1-3,YLRWTY2-1,0.721283845511163
YGRCTY1-3,YLRWDELTA23,0.7400616641511899
YGRCTY1-3,YLRCDELTA24,0.3628484506095076
YGRCTY1-3,YLRCDELTA25,0.7610212571642916
YGRCTY1-3,YLRCTY2-2,0.7163203539104243
YGRCTY1-3,YLRCDELTA26,0.6872594740829264
YGRCTY1-3,YLRCDELTA27,0.5133354785178256
YGRCTY1-3,YLR462W,-0.015326900045330454
YGRCTY1-3,YLR463C,0.6813441909221218
YGRCTY1-3,YLR464W,0.07053616625267564
YGRCTY1-3,YLR466W,0.7375324581992713
YGRCTY1-3,YLR467W,0.11732672986885141
YGRCTY1-3,YML132W,0.5919898529766492
YGRCTY1-3,YLRWTY1-3,0.7444271650260452
YGRCTY1-3,YLRWDELTA14,0.738634636594026
YGRCTY1-3,TA(AGC)L,0.5547875176510348
YGRCTY1-3,YLRWSIGMA3,0.7306426814393043
YGRCTY1-3,YLRWDELTA15,0.43158055512192434
YGRCTY1-3,YLRCDELTA16,0.11555790169888405
YGRCTY1-3,YLRWDELTA17,0.20106008569777986
YGRCTY1-3,YLRCDELTA18,0.7697509883833226
YGRCTY1-3,YLRCDELTA19,0.4097348914036248
YGRCTY1-3,TI(AAU)L1,0.16763838776186565
YGRCTY1-3,TS(GCU)L,0.5304629051351257
YGRCTY1-3,YLRWSIGMA4,0.40916399373429346
YGRCTY1-3,YLRWDELTA20,0.3250951097405989
YGRCTY1-3,TE(UUC)L,0.014826416857540877
YGRCTY1-3,YLRCDELTA21,0.5595044393630721
YGRCTY1-3,TR(CCG)L,0.5783733611926545
YGRCTY1-3,YLRWDELTA22,0.5739476160818671
YGRCTY1-3,RDN25-1,0.5269817027997784
YGRCTY1-3,RDN18-1,0.47538232803329966
YGRCTY1-3,RDN5-1,0.5376584180671956
YGRCTY1-3,RDN5-3,0.5253595611672378
YGRCTY1-3,YLRCDELTA7,0.658732267751382
YGRCTY1-3,YLRCTY1-1,0.6379316847758549
YGRCTY1-3,YLRCDELTA8,0.5650952898075206
YGRCTY1-3,YLRCDELTA9,0.5103906767255078
YGRCTY1-3,YLRWDELTA10,0.6047191115917471
YGRCTY1-3,YLRWTY1-2,0.8197485443209385
YGRCTY1-3,YLRWDELTA11,0.6758654131441995
YGRCTY1-3,YLRWDELTA12,0.5323837828426811
YGRCTY1-3,YLRCTAU1,0.2899736495241422
YGRCTY1-3,YLRWDELTA13,0.6329642025451812
YGRCTY1-3,YLL067C,0.3855895126646041
YGRCTY1-3,YLL066C,0.40911755869361544
YGRCTY1-3,YLLCDELTA1,0.6122511362603636
YGRCTY1-3,TS(AGA)L,0.5492832448522896
YGRCTY1-3,YLRCSIGMA1,-0.030741371697434832
YGRCTY1-3,TA(UGC)L,0.12704380405778268
YGRCTY1-3,YLRCDELTA2,0.711055125515841
YGRCTY1-3,NC_001144,0.7165728434461546
YGRCTY1-3,YLRCDELTA3,0.645325590750964
YGRCTY1-3,YLRWDELTA4,0.15748604405756067
YGRCTY1-3,YLRCDELTA5,0.3842000567454892
YGRCTY1-3,YLRWSIGMA2,0.7627979833015107
YGRCTY1-3,TR(ACG)L,0.3171767956307228
YGRCTY1-3,TQ(UUG)L,0.42618773549923356
YGRCTY1-3,YLRWDELTA6,0.7394098641040534
YGRCTY1-3,RDN37-1,0.6670770493980179
YGRCTY1-3,YKLCDELTA2,0.647603126504323
YGRCTY1-3,TE(UUC)K,0.07805408846684471
YGRCTY1-3,TR(UCU)K,0.03282451533679835
YGRCTY1-3,YKLWDELTA3,0.42997476463147133
YGRCTY1-3,YKLCSIGMA1,0.7795627562915639
YGRCTY1-3,YKLCDELTA4,0.6362232679575675
YGRCTY1-3,TA(AGC)K1,0.3228438717935998
YGRCTY1-3,YKLCDELTA5,0.4999446279791812
YGRCTY1-3,TH(GUG)K,0.368554892872337
YGRCTY1-3,YKLCDELTA6,0.6422693115000834
YGRCTY1-3,YKLWDELTA7,0.7229896551353532
YGRCTY1-3,YKRCDELTA8,0.7813119289985312
YGRCTY1-3,YKRCDELTA9,0.15348721437886195
YGRCTY1-3,YKRWDELTA10,-0.12612222540528054
YGRCTY1-3,TR(ACG)K,0.18917976973679285
YGRCTY1-3,YKRCDELTA11,0.47491684751076957
YGRCTY1-3,YKRCDELTA12,0.6509531701683198
YGRCTY1-3,TA(AGC)K2,0.3861872650684519
YGRCTY1-3,YKR106W,0.5153079902003195
YGRCTY1-3,YKRWOMEGA1,0.13723496522727838
YGRCTY1-3,YJRWTY1-2,0.8709711999014809
YGRCTY1-3,YJRWDELTA13,0.7700319219302605
YGRCTY1-3,TM(CAU)J3,0.243718522661325
YGRCTY1-3,YJRWDELTA14,-0.09525815353076489
YGRCTY1-3,TS(AGA)J,0.4649616404963746
YGRCTY1-3,YJLWDELTA15,0.5773576341992038
YGRCTY1-3,TG(GCC)J2,-0.07930403008432357
YGRCTY1-3,YJLWDELTA16,0.33917758649972635
YGRCTY1-3,YJRWDELTA17,0.6606744477781107
YGRCTY1-3,TR(CCU)J,0.174475304734432
YGRCTY1-3,YJRWDELTA18,0.6799971914112607
YGRCTY1-3,YJLWDELTA19,0.5484508150776692
YGRCTY1-3,YJRWDELTA20,0.30083743286221615
YGRCTY1-3,YJR161C,0.6192103936966837
YGRCTY1-3,YJR162C,0.42429982495545443
YGRCTY1-3,YKL225W,0.4200130122985692
YGRCTY1-3,YKL223W,0.30639279373308564
YGRCTY1-3,TT(CGU)K,0.2655066001474515
YGRCTY1-3,YKLWDELTA1,0.3853354408600989
YGRCTY1-3,TN(GUU)K,0.32449142391291375
YGRCTY1-3,YJLCDELTA4,0.6022348095815274
YGRCTY1-3,YJLCDELTA5,0.6500186207943405
YGRCTY1-3,TR(UCU)J1,0.337898665852392
YGRCTY1-3,TR(UCU)J2,0.3074992950134177
YGRCTY1-3,YJLCDELTA6,0.2656369602254954
YGRCTY1-3,YJLCDELTA7,0.5321705194190989
YGRCTY1-3,TV(AAC)J,0.45795766588174297
YGRCTY1-3,TM(CAU)J1,0.4753722218863399
YGRCTY1-3,TG(GCC)J1,-0.009684187289015418
YGRCTY1-3,TK(CUU)J,0.15782882822397468
YGRCTY1-3,YJRWTAU3,0.3478005805505753
YGRCTY1-3,YJLWDELTA8,0.48030715768675947
YGRCTY1-3,YJLWDELTA9,0.5798053761622726
YGRCTY1-3,YJLWTAU4,0.5327193541860265
YGRCTY1-3,YJLWDELTA10,0.6286050470758843
YGRCTY1-3,TL(UAA)J,0.23927276680723072
YGRCTY1-3,YJRWDELTA11,0.825132332325428
YGRCTY1-3,YJRWTY1-1,0.8145193720217313
YGRCTY1-3,YJRWDELTA12,0.6953525627327455
YGRCTY1-3,TE(UUC)J,0.03902201258042086
YGRCTY1-3,TA(AGC)J,0.5329505046273184
YGRCTY1-3,YJLWSIGMA1,0.559824294050628
YGRCTY1-3,YJLWTAU1,0.670105877583719
YGRCTY1-3,YJLWTY4-1,0.7199059758592514
YGRCTY1-3,YJLWTAU2,0.6046774540730809
YGRCTY1-3,YJLCDELTA3,0.5985377810889727
YGRCTY1-3,YJLWDELTA2,0.6597866246913755
YGRCTY1-3,TD(GUC)J1,0.46727220264490466
YGRCTY1-3,TR(ACG)J,0.23307740232418975
YGRCTY1-3,YAL068C,0.5715749301084413
YGRCTY1-3,YALWDELTA1,0.10679307402575412
YGRCTY1-3,YALCDELTA2,0.5262734597991933
YGRCTY1-3,YARCDELTA3,0.14196563099254286
YGRCTY1-3,YARCDELTA4,0.7717379138510836
YGRCTY1-3,YARCTY1-1,0.5869909428989348
YGRCTY1-3,NC_001133,0.7639751616429135
YGRCTY1-3,YARCDELTA5,0.7241037957343011
YGRCTY1-3,TA(UGC)A,0.2779758181511878
YGRCTY1-3,TS(AGA)A,0.5972924393063673
YGRCTY1-3,YARWDELTA6,0.7519974599874147
YGRCTY1-3,YARWDELTA7,0.6880866963850794
YGRCTY1-3,YARCDELTA8,0.36754641234616187
YGRCTY1-3,TT(AGU)J,0.5262122145573312
YGRCTY1-3,YJLWDELTA1,0.7059050332823221
YGRCTY1-3,MAL23,0.22699187995068656
YGRCTY1-3,MEL1,-0.14452600362479817
YGRCTY1-3,RTM1,-0.08695159358790336
YGRCTY1-3,STRP,0.15316344689143427
YGRCTY1-3,SUC4,0.44461318895372337
YGRCTY1-3,YBR006W,0.6367308896756736
YGRCTY1-3,YCL024W,0.15269568053791646
YGRCTY1-3,YKL033W-A,0.8273807187639286
YGRCTY1-3,YKL198C,0.5157610379563888
YGRCTY1-3,YNL180C,0.4356567013742917
YGRCTY1-3,2mic_FLP1,0.7364597013921033
YGRCTY1-3,2mic_REP1,0.7468852594040789
YGRCTY1-3,2mic_D_protein,0.6539289541608452
YGRCTY1-3,2mic_REP2,0.800178043612602
YGRCTY1-3,NC_001224,0.7038157236172
YGRCTY1-3,KANMX4,0.08501238760146615
YGRCTY1-3,Q0085,0.35282018853305513
YGRCTY1-3,Q0115,0.5063974355813056
YGRCTY1-3,Q0120,0.2072579879622868
YGRCTY1-3,Q0130,-0.10426871822709813
YGRCTY1-3,NC_001141,0.45967167572570244
YGRCTY1-3,SNR68,0.501996009141776
YGRCTY1-3,YIR044C,0.4849278923614376
YGRCTY1-3,YIR020W-B,0.25488306029453245
YGRCTY1-3,YIL156w-a,0.6420336628848533
YGRCTY1-3,YIL100c-a,0.4717462406206958
YGRCTY1-3,YIL071w-a,0.3766502745688552
YGRCTY1-3,YIL068w-a,0.6440264577888763
YGRCTY1-3,YIL066w-a,0.27700181394446777
YGRCTY1-3,YIR017w-a,0.3692553424393648
YGRCTY1-3,YIR020c-a,0.5634159679346278
YGRCTY1-3,YIR023c-a,0.6811157090299294
YGRCTY1-3,YIL162W,0.49324297419702484
YGRCTY1-3,YIL106W,0.6768414405695122
YGRCTY1-3,YIL066C,0.35157133914929084
YGRCTY1-3,YIR020C,0.6141177738853026
YGRCTY1-3,YIR021W,0.44321667304603535
YGRCTY1-3,YIR022W,0.7881099464439022
YGRCTY1-3,YIR023W,0.4717221432189461
YGRCTY1-3,YIR024C,0.5967839002923697
YGRCTY1-3,YIR025W,0.5445269760586263
YGRCTY1-3,YIR026C,0.011859776179997577
YGRCTY1-3,YIR027C,-0.14931511150661506
YGRCTY1-3,YIR028W,-0.17866446670381061
YGRCTY1-3,YIR029W,-0.02896716354358255
YGRCTY1-3,YIR030C,-0.04163133172473071
YGRCTY1-3,YIR031C,-0.10469196544169654
YGRCTY1-3,YIR032C,0.1332092698189782
YGRCTY1-3,YIR033W,0.4545314254282313
YGRCTY1-3,YIR034C,0.0991826009461262
YGRCTY1-3,YIR035C,0.6914511171973534
YGRCTY1-3,YIR036C,0.4152693804779305
YGRCTY1-3,YIR037W,0.5639934352807994
YGRCTY1-3,YIR038C,0.41344297503699035
YGRCTY1-3,YIR039C,0.6200193294411357
YGRCTY1-3,YIR041W,0.35824648053356456
YGRCTY1-3,YIR042C,0.3658174834445322
YGRCTY1-3,YIR043C,0.5553384948603836
YGRCTY1-3,YIL003W,0.44839787276625775
YGRCTY1-3,YIL002C,0.6728731259877961
YGRCTY1-3,YIL001W,0.5827516629488593
YGRCTY1-3,YIR001C,0.5479157561012453
YGRCTY1-3,YIR002C,0.7229156486623892
YGRCTY1-3,YIR003W,0.6536513166767106
YGRCTY1-3,YIR004W,0.6666954040468612
YGRCTY1-3,YIR005W,0.5230112265680928
YGRCTY1-3,YIR006C,0.7472908567293037
YGRCTY1-3,YIR007W,0.5868477411847166
YGRCTY1-3,YIR008C,0.5512371675509873
YGRCTY1-3,YIR009W,0.5278619869300134
YGRCTY1-3,YIR010W,0.6301055516757338
YGRCTY1-3,YIR011C,0.5090895771647246
YGRCTY1-3,YIR012W,0.06466551644227825
YGRCTY1-3,YIR013C,0.2678620473312612
YGRCTY1-3,YIR014W,0.4199334752983339
YGRCTY1-3,YIR015W,0.47825653049414435
YGRCTY1-3,YIR016W,0.3845664017656701
YGRCTY1-3,YIR017C,0.42568848732684417
YGRCTY1-3,YIR018W,0.5510084541227631
YGRCTY1-3,YIR019C,0.6287749640115747
YGRCTY1-3,YIL024C,0.6600382628590898
YGRCTY1-3,YIL023C,0.6352789575676195
YGRCTY1-3,YIL022W,0.4524389323927978
YGRCTY1-3,YIL021W,0.5953790303559481
YGRCTY1-3,YIL020C,0.2242225512196867
YGRCTY1-3,YIL019W,0.07328411539179855
YGRCTY1-3,YIL017C,0.44457733638810504
YGRCTY1-3,YIL016W,0.6466626009080844
YGRCTY1-3,YIL015W,0.31775206985660875
YGRCTY1-3,YIL015C-A,0.7835087225207537
YGRCTY1-3,YIL014W,0.7545445176532157
YGRCTY1-3,YIL013C,0.8543979080458428
YGRCTY1-3,YIL012W,0.48177024717634176
YGRCTY1-3,YIL011W,0.46412176781686587
YGRCTY1-3,YIL010W,0.6932397405964434
YGRCTY1-3,YIL009C-A,0.6605900152361419
YGRCTY1-3,YIL009W,0.528361664024778
YGRCTY1-3,YIL008W,0.31683117471451294
YGRCTY1-3,YIL007C,0.6621942334787729
YGRCTY1-3,YIL006W,0.5735066133684948
YGRCTY1-3,YIL005W,0.37829572520445987
YGRCTY1-3,YIL004C,0.542119358174292
YGRCTY1-3,YIL047C,0.6379939219127462
YGRCTY1-3,YIL046W,0.6936442790300117
YGRCTY1-3,YIL045W,0.318828918572674
YGRCTY1-3,YIL044C,0.5445992331553132
YGRCTY1-3,YIL043C,0.7170861334472337
YGRCTY1-3,YIL042C,0.6359663124651983
YGRCTY1-3,YIL041W,0.7536598926144271
YGRCTY1-3,YIL040W,0.6134107235461604
YGRCTY1-3,YIL039W,0.5296866160445126
YGRCTY1-3,YIL038C,0.4279753982001434
YGRCTY1-3,YIL037C,0.668179528405344
YGRCTY1-3,YIL036W,0.5100784117029026
YGRCTY1-3,YIL035C,0.29230253310474125
YGRCTY1-3,YIL034C,0.5898920476936166
YGRCTY1-3,YIL033C,0.38802917116597885
YGRCTY1-3,YIL032C,0.5903477943150752
YGRCTY1-3,YIL031W,0.5525788890106493
YGRCTY1-3,YIL030C,0.711202231897671
YGRCTY1-3,YIL029C,0.3830395110102611
YGRCTY1-3,YIL028W,0.6390913686410554
YGRCTY1-3,YIL027C,0.7517924133640939
YGRCTY1-3,YIL026C,0.44239732643284735
YGRCTY1-3,YIL025C,-0.054429174573502624
YGRCTY1-3,YIL072W,0.4832279660651364
YGRCTY1-3,YIL071C,0.37561832983313603
YGRCTY1-3,YIL070C,0.4204834089211396
YGRCTY1-3,YIL068C,0.6111869436757911
YGRCTY1-3,YIL067C,0.5164362757437095
YGRCTY1-3,YIL065C,0.5584684590293439
YGRCTY1-3,YIL064W,0.12132738474171857
YGRCTY1-3,YIL063C,0.7505458731505642
YGRCTY1-3,YIL062C,0.7043521477072927
YGRCTY1-3,YIL061C,0.5176580305637923
YGRCTY1-3,YIL060W,0.6551008988760089
YGRCTY1-3,YIL059C,0.610695698639739
YGRCTY1-3,YIL058W,0.5928004349883328
YGRCTY1-3,YIL057C,0.41852368375309035
YGRCTY1-3,YIL056W,0.6577832225054415
YGRCTY1-3,YIL055C,0.30697165928494924
YGRCTY1-3,YIL054W,0.6185171649072776
YGRCTY1-3,YIL053W,0.06425870083469318
YGRCTY1-3,YIL052C,0.3169715176225902
YGRCTY1-3,YIL051C,0.6431447333852296
YGRCTY1-3,YIL050W,0.7873432711571734
YGRCTY1-3,YIL049W,0.6916847372819774
YGRCTY1-3,YIL048W,0.7545509977465198
YGRCTY1-3,YIL096C,0.07812534063084954
YGRCTY1-3,YIL095W,0.662871150863032
YGRCTY1-3,YIL094C,0.1539004186324256
YGRCTY1-3,YIL093C,0.38608854508649837
YGRCTY1-3,YIL092W,0.27465562455075276
YGRCTY1-3,YIL091C,0.04177308776121869
YGRCTY1-3,YIL090W,0.4662286128746701
YGRCTY1-3,YIL089W,0.5742911294511069
YGRCTY1-3,YIL088C,0.6169430631264811
YGRCTY1-3,YIL087C,0.3704472028724458
YGRCTY1-3,YIL086C,0.42289721910445077
YGRCTY1-3,YIL085C,0.7282583832143794
YGRCTY1-3,YIL084C,0.5485125927285788
YGRCTY1-3,YIL083C,0.7437512937075136
YGRCTY1-3,YIL080W,0.6257427682727733
YGRCTY1-3,YIL079C,0.03863979458804532
YGRCTY1-3,YIL078W,0.4024381362642004
YGRCTY1-3,YIL077C,0.5117134736161109
YGRCTY1-3,YIL076W,0.6366760389918349
YGRCTY1-3,YIL075C,0.6703002025842095
YGRCTY1-3,YIL074C,0.1649833122016652
YGRCTY1-3,YIL073C,0.5853445054560871
YGRCTY1-3,YIL119C,0.5849856867330727
YGRCTY1-3,YIL118W,0.22479139921982505
YGRCTY1-3,YIL117C,0.45964303164691733
YGRCTY1-3,YIL116W,0.6047652822910874
YGRCTY1-3,YIL115C,0.7755403829584467
YGRCTY1-3,YIL114C,0.1961009573280075
YGRCTY1-3,YIL113W,0.3399175358942641
YGRCTY1-3,YIL112W,0.7606342536536449
YGRCTY1-3,YIL111W,0.43122675811091177
YGRCTY1-3,YIL110W,0.036588257175271456
YGRCTY1-3,YIL109C,0.6520199532944128
YGRCTY1-3,YIL108W,0.5471861768395331
YGRCTY1-3,YIL107C,0.35919002346836343
YGRCTY1-3,YIL105C,0.38228981989016786
YGRCTY1-3,YIL104C,0.009355088532061465
YGRCTY1-3,YIL103W,0.025242409137695435
YGRCTY1-3,YIL102C,0.10846864626483048
YGRCTY1-3,YIL101C,0.37442905275153804
YGRCTY1-3,YIL100W,0.47937978730734937
YGRCTY1-3,YIL099W,0.3976474949101856
YGRCTY1-3,YIL098C,0.43018407006293896
YGRCTY1-3,YIL097W,0.5063617664201322
YGRCTY1-3,YIL140W,0.2883423497123288
YGRCTY1-3,YIL139C,0.4631539545054339
YGRCTY1-3,YIL138C,0.5762955716809904
YGRCTY1-3,YIL137C,0.22937572150415803
YGRCTY1-3,YIL136W,0.3015998883810501
YGRCTY1-3,YIL135C,0.20490755448283549
YGRCTY1-3,YIL134W,0.33412172334532914
YGRCTY1-3,YIL133C,0.34745144299068714
YGRCTY1-3,YIL132C,0.4104386659403091
YGRCTY1-3,YIL131C,0.3977474717306287
YGRCTY1-3,YIL130W,0.2572469996118947
YGRCTY1-3,YIL129C,0.6867678348609212
YGRCTY1-3,YIL128W,0.43934699467973803
YGRCTY1-3,YIL127C,0.08212997021275156
YGRCTY1-3,YIL126W,0.6418670134021959
YGRCTY1-3,YIL125W,0.5136519141422808
YGRCTY1-3,YIL124W,0.3801878598494559
YGRCTY1-3,YIL123W,0.4089142536217583
YGRCTY1-3,YIL122W,0.46948499518977554
YGRCTY1-3,YIL121W,0.4155080358348516
YGRCTY1-3,YIL120W,0.5197003205903834
YGRCTY1-3,YIL165C,0.4948054049721468
YGRCTY1-3,YIL164C,0.34791810614709434
YGRCTY1-3,YIL163C,0.27435927121836107
YGRCTY1-3,YIL161W,0.5455440239018328
YGRCTY1-3,YIL160C,0.291928099151071
YGRCTY1-3,YIL159W,0.260644535359973
YGRCTY1-3,YIL158W,0.41003270778204254
YGRCTY1-3,YIL157C,0.609121140792021
YGRCTY1-3,YIL156W,0.4869930328110702
YGRCTY1-3,YIL155C,0.5043829910370091
YGRCTY1-3,YIL154C,0.3734412593533694
YGRCTY1-3,YIL153W,0.44234510133026955
YGRCTY1-3,YIL152W,0.5627052640038231
YGRCTY1-3,YIL151C,0.7412000380766735
YGRCTY1-3,YIL150C,0.5806699168038869
YGRCTY1-3,YIL149C,0.7717817498573112
YGRCTY1-3,YIL148W,0.7937132144347518
YGRCTY1-3,YIL147C,0.6675795897954256
YGRCTY1-3,YIL146C,0.5786447193568852
YGRCTY1-3,YIL145C,0.2064443836188531
YGRCTY1-3,YIL144W,0.5460818246091417
YGRCTY1-3,YIL143C,0.3730790774215445
YGRCTY1-3,YIL142W,0.40480161376706914
YGRCTY1-3,YIL141W,0.439867951464673
YGRCTY1-3,CEN8,-0.059236583938864606
YGRCTY1-3,SNR32,-0.0036448884165447377
YGRCTY1-3,SNR71,0.21814666051032375
YGRCTY1-3,YIL176C,0.3379654948110208
YGRCTY1-3,YIL171W,0.5446733988910428
YGRCTY1-3,YIL168W,0.3744890861132624
YGRCTY1-3,YIL167W,0.5916098344114079
YGRCTY1-3,YIL166C,0.3631737883669526
YGRCTY1-3,YHR077C,0.4436467089969665
YGRCTY1-3,YHR209W,0.48255798746592937
YGRCTY1-3,YHR196W,-0.0025784278291422612
YGRCTY1-3,YHR197W,0.0024543289972408745
YGRCTY1-3,YHR198C,0.6254661524291975
YGRCTY1-3,YHR199C,0.5930705680729291
YGRCTY1-3,YHR200W,0.6106978231163782
YGRCTY1-3,YHR201C,0.35939185801784107
YGRCTY1-3,YHR202W,0.4174677993377069
YGRCTY1-3,YHR204W,0.3531211742598384
YGRCTY1-3,YHR205W,0.3533215087742379
YGRCTY1-3,YHR206W,0.3381626607145248
YGRCTY1-3,YHR207C,0.4796445376096806
YGRCTY1-3,YHR208W,0.1551176920099577
YGRCTY1-3,YHR210C,0.6238772516224333
YGRCTY1-3,YHR216W,0.19907468253708244
YGRCTY1-3,YHR218W,0.23939786662462073
YGRCTY1-3,YHL046w-a,0.3019371887881486
YGRCTY1-3,YHL030w-a,0.48876625602833024
YGRCTY1-3,YHL006w-a,0.1516551438205598
YGRCTY1-3,YHL002c-a,0.5761185052005999
YGRCTY1-3,YHR056w-a,0.03892915220481326
YGRCTY1-3,YHR063w-a,0.3017749590453063
YGRCTY1-3,YHR070c-a,0.223194061486389
YGRCTY1-3,YHR131w-a,0.10388791336614014
YGRCTY1-3,YHR173C,0.5869675395647473
YGRCTY1-3,YHR174W,0.679136810129378
YGRCTY1-3,YHR175W,0.6386166003969792
YGRCTY1-3,YHR176W,0.26456924211575666
YGRCTY1-3,YHR177W,0.3617202583896576
YGRCTY1-3,YHR178W,0.6333543092821795
YGRCTY1-3,YHR179W,0.24227547689810777
YGRCTY1-3,YHR180W,0.652356025691774
YGRCTY1-3,YHR181W,0.7733411758911622
YGRCTY1-3,YHR182W,0.44800796274397753
YGRCTY1-3,YHR183W,0.6558603064628693
YGRCTY1-3,YHR184W,0.5408790542147576
YGRCTY1-3,YHR185C,0.6034055015080735
YGRCTY1-3,YHR186C,0.4588574254490956
YGRCTY1-3,YHR187W,0.38996213885715064
YGRCTY1-3,YHR188C,0.4142150568583173
YGRCTY1-3,YHR189W,0.3114323519982213
YGRCTY1-3,YHR190W,0.39631549980771374
YGRCTY1-3,YHR191C,0.57187907377317
YGRCTY1-3,YHR192W,0.652750687176764
YGRCTY1-3,YHR193C,0.4637134298976758
YGRCTY1-3,YHR194W,0.5775482338986643
YGRCTY1-3,YHR195W,0.5118383860782991
YGRCTY1-3,YHR151C,0.380538802119249
YGRCTY1-3,YHR152W,0.4282790548167092
YGRCTY1-3,YHR153C,0.15514046216337912
YGRCTY1-3,YHR154W,0.19458977678604875
YGRCTY1-3,YHR155W,0.3302420664336353
YGRCTY1-3,YHR156C,0.24969939611384498
YGRCTY1-3,YHR157W,0.5228651994773234
YGRCTY1-3,YHR158C,0.5759336152722236
YGRCTY1-3,YHR159W,0.5605017089087424
YGRCTY1-3,YHR160C,0.3882365910724434
YGRCTY1-3,YHR161C,0.5175486243506932
YGRCTY1-3,YHR162W,0.7081784460745874
YGRCTY1-3,YHR163W,0.7142405231107427
YGRCTY1-3,YHR164C,0.7002949647295773
YGRCTY1-3,YHR165C,0.5454189492945203
YGRCTY1-3,YHR166C,0.5373528755190051
YGRCTY1-3,YHR167W,0.587179688925018
YGRCTY1-3,YHR168W,0.47527416450530047
YGRCTY1-3,YHR169W,0.07446544876442023
YGRCTY1-3,YHR170W,0.053669618732884096
YGRCTY1-3,YHR171W,0.40720908199169276
YGRCTY1-3,YHR172W,0.3165979843651531
YGRCTY1-3,YHR129C,0.5642512160642413
YGRCTY1-3,YHR130C,0.4895088797188033
YGRCTY1-3,YHR131C,0.6539540725763142
YGRCTY1-3,YHR132C,0.6810825859869387
YGRCTY1-3,YHR133C,0.4959128347364535
YGRCTY1-3,YHR134W,0.49948197276729156
YGRCTY1-3,YHR135C,0.7622955390265024
YGRCTY1-3,YHR136C,0.4083453920014197
YGRCTY1-3,YHR137W,0.38357903162641566
YGRCTY1-3,YHR138C,0.43731443009177695
YGRCTY1-3,YHR139C,0.4283034448981729
YGRCTY1-3,YHR139C-A,0.3435585277439827
YGRCTY1-3,YHR140W,0.4120840196032941
YGRCTY1-3,YHR142W,0.29261805179058736
YGRCTY1-3,YHR143W,-0.014405401201542628
YGRCTY1-3,YHR143W-A,0.3092863959074505
YGRCTY1-3,YHR144C,0.20803955320281486
YGRCTY1-3,YHR145C,0.5857515347255356
YGRCTY1-3,YHR146W,0.5512568856640216
YGRCTY1-3,YHR147C,0.45607745135019406
YGRCTY1-3,YHR148W,0.0027551911627051438
YGRCTY1-3,YHR149C,0.0220018263129181
YGRCTY1-3,YHR150W,0.4388635056988114
YGRCTY1-3,YHR108W,0.6552269806612047
YGRCTY1-3,YHR109W,0.433263088999164
YGRCTY1-3,YHR110W,0.6531419300089146
YGRCTY1-3,YHR111W,0.8479174615691095
YGRCTY1-3,YHR112C,0.7440459371897918
YGRCTY1-3,YHR113W,0.6542764403246325
YGRCTY1-3,YHR114W,0.7119670126433649
YGRCTY1-3,YHR115C,0.7221006725485284
YGRCTY1-3,YHR116W,0.515356752644786
YGRCTY1-3,YHR117W,0.6112151075829997
YGRCTY1-3,YHR118C,0.6981026818083996
YGRCTY1-3,YHR119W,0.5988755909741472
YGRCTY1-3,YHR120W,0.41915746112786945
YGRCTY1-3,YHR121W,0.3376207706554341
YGRCTY1-3,YHR122W,0.4864265062392436
YGRCTY1-3,YHR123W,0.29538560948680515
YGRCTY1-3,YHR124W,0.3665978918075014
YGRCTY1-3,YHR125W,0.494670821829052
YGRCTY1-3,YHR126C,0.05508243671384086
YGRCTY1-3,YHR127W,0.45065323222096054
YGRCTY1-3,YHR128W,0.02434828966775566
YGRCTY1-3,YHR087W,0.230301794981722
YGRCTY1-3,YHR088W,0.06689900732128753
YGRCTY1-3,YHR089C,-0.0028651791106979094
YGRCTY1-3,YHR090C,0.576585223934967
YGRCTY1-3,YHR091C,0.5524994831969361
YGRCTY1-3,YHR092C,-0.08765883108311796
YGRCTY1-3,YHR093W,0.5925087003129095
YGRCTY1-3,YHR094C,0.2462599017760758
YGRCTY1-3,YHR095W,0.3034075095634299
YGRCTY1-3,YHR096C,0.2938360264625756
YGRCTY1-3,YHR097C,0.4434351731288581
YGRCTY1-3,YHR098C,0.3618821759717742
YGRCTY1-3,YHR099W,0.556257426924385
YGRCTY1-3,YHR100C,0.5419747812575448
YGRCTY1-3,YHR101C,0.49589471520795786
YGRCTY1-3,YHR102W,0.6785802316101561
YGRCTY1-3,YHR103W,0.6902244694574213
YGRCTY1-3,YHR104W,0.37386274645615264
YGRCTY1-3,YHR105W,0.36723198259824824
YGRCTY1-3,YHR106W,0.44768004395927014
YGRCTY1-3,YHR107C,0.4603867503948128
YGRCTY1-3,YHR065C,0.017348775965298005
YGRCTY1-3,YHR066W,0.036245554748917656
YGRCTY1-3,YHR067W,0.65669919153805
YGRCTY1-3,YHR068W,0.1414720176681696
YGRCTY1-3,YHR069C,0.16732529156974835
YGRCTY1-3,YHR070W,0.05857344473248914
YGRCTY1-3,YHR071W,0.3172754946248563
YGRCTY1-3,YHR072W,0.48756421418077744
YGRCTY1-3,YHR073W,0.6315336965707639
YGRCTY1-3,YHR074W,0.708826984150495
YGRCTY1-3,YHR075C,0.3077843610135077
YGRCTY1-3,YHR076W,0.6804966684632029
YGRCTY1-3,YHR078W,0.6017332715300674
YGRCTY1-3,YHR079C,0.7342553686014518
YGRCTY1-3,YHR079C-A,0.21871115384823414
YGRCTY1-3,YHR080C,0.5583573300785787
YGRCTY1-3,YHR081W,0.2724750810283822
YGRCTY1-3,YHR082C,0.5901640487797649
YGRCTY1-3,YHR083W,0.6732411489474562
YGRCTY1-3,YHR084W,0.42140421052040455
YGRCTY1-3,YHR085W,0.03929977210729698
YGRCTY1-3,YHR086W,0.5745265914809934
YGRCTY1-3,YHR040W,0.07779865604037885
YGRCTY1-3,YHR041C,0.6732485447194206
YGRCTY1-3,YHR042W,0.4875492451104917
YGRCTY1-3,YHR043C,0.34836711433654194
YGRCTY1-3,YHR044C,0.4792400554023823
YGRCTY1-3,YHR045W,0.45888074971270293
YGRCTY1-3,YHR046C,0.16118688360974048
YGRCTY1-3,YHR047C,0.6674953750508709
YGRCTY1-3,YHR048W,0.3662121785507499
YGRCTY1-3,YHR049W,0.05733212854804368
YGRCTY1-3,YHR049C-A,0.3889828617027544
YGRCTY1-3,YHR050W,0.5780965373621736
YGRCTY1-3,YHR051W,0.6537823413206469
YGRCTY1-3,YHR052W,0.006726569855795186
YGRCTY1-3,YHR053C,0.5631164241174824
YGRCTY1-3,YHR054C,0.5360338070728827
YGRCTY1-3,YHR057C,0.5238499446230939
YGRCTY1-3,YHR058C,0.2834192094645192
YGRCTY1-3,YHR059W,0.3668880568824678
YGRCTY1-3,YHR060W,0.4187251367701581
YGRCTY1-3,YHR061C,0.48187403639879034
YGRCTY1-3,YHR062C,0.15221243853283092
YGRCTY1-3,YHR063C,0.30343032039855494
YGRCTY1-3,YHR064C,0.26557591283979987
YGRCTY1-3,YHR020W,0.05357082872768544
YGRCTY1-3,YHR021C,0.3718346184994827
YGRCTY1-3,YHR021W-A,0.35343881402289606
YGRCTY1-3,YHR022C,0.351942219045992
YGRCTY1-3,YHR023W,0.3999481083116412
YGRCTY1-3,YHR024C,0.22325676250169865
YGRCTY1-3,YHR025W,0.1338145644463499
YGRCTY1-3,YHR026W,0.3416050326859178
YGRCTY1-3,YHR027C,0.48821697521578705
YGRCTY1-3,YHR028C,0.6474076879504279
YGRCTY1-3,YHR029C,0.47251846397528724
YGRCTY1-3,YHR030C,0.7048504513851293
YGRCTY1-3,YHR031C,0.60766292580966
YGRCTY1-3,YHR032W,0.10684624193443122
YGRCTY1-3,YHR033W,0.4867867765191871
YGRCTY1-3,YHR034C,0.6509502034687318
YGRCTY1-3,YHR035W,0.6158615977595279
YGRCTY1-3,YHR036W,0.3858642112646827
YGRCTY1-3,YHR037W,0.5652663323847659
YGRCTY1-3,YHR038W,0.4178751315292908
YGRCTY1-3,YHR039C,0.5111444859799291
YGRCTY1-3,YHR039C-B,0.5278735353639034
YGRCTY1-3,YHL001W,0.22339685438242587
YGRCTY1-3,YHR001W,0.548751299558393
YGRCTY1-3,YHR001W-A,0.6788367402048429
YGRCTY1-3,YHR002W,0.5491915302317618
YGRCTY1-3,YHR003C,0.21140983604608185
YGRCTY1-3,YHR004C,0.7136064639308732
YGRCTY1-3,YHR005C,0.6541982935994839
YGRCTY1-3,YHR005C-A,0.5710265859195987
YGRCTY1-3,YHR006W,0.5877096351822271
YGRCTY1-3,YHR007C,0.3711165960653308
YGRCTY1-3,YHR008C,0.540304260868974
YGRCTY1-3,YHR009C,0.6095754653926541
YGRCTY1-3,YHR010W,0.21775985816974608
YGRCTY1-3,YHR011W,0.5105519435705446
YGRCTY1-3,YHR012W,0.7278159475342073
YGRCTY1-3,YHR013C,0.4074898272509564
YGRCTY1-3,YHR014W,0.44141988133323856
YGRCTY1-3,YHR015W,0.5304625352461487
YGRCTY1-3,YHR016C,0.516676588100765
YGRCTY1-3,YHR017W,0.5275608011313521
YGRCTY1-3,YHR018C,0.5208992835857507
YGRCTY1-3,YHR019C,0.21270457124951364
YGRCTY1-3,YHL023C,0.6178974273620012
YGRCTY1-3,YHL022C,0.5005673058730622
YGRCTY1-3,YHL021C,0.4818999493371863
YGRCTY1-3,YHL020C,0.709640076016382
YGRCTY1-3,YHL019C,0.6489872132511516
YGRCTY1-3,YHL018W,0.5971565466232396
YGRCTY1-3,YHL017W,0.8862620985555061
YGRCTY1-3,YHL016C,0.05651155584550174
YGRCTY1-3,YHL015W,0.5081609671327902
YGRCTY1-3,YHL014C,0.344914426115798
YGRCTY1-3,YHL013C,0.1640577538321964
YGRCTY1-3,YHL012W,0.1686035034301876
YGRCTY1-3,YHL011C,0.1044602950844765
YGRCTY1-3,YHL010C,0.45767126780770406
YGRCTY1-3,YHL009C,0.32115316812782796
YGRCTY1-3,YHL008C,0.5052373996351825
YGRCTY1-3,YHL007C,0.18162842525798906
YGRCTY1-3,YHL006C,0.42489148105236
YGRCTY1-3,YHL005C,0.4734613299257822
YGRCTY1-3,YHL004W,0.33495710004460577
YGRCTY1-3,YHL003C,0.21199865172307142
YGRCTY1-3,YHL002W,0.5370291473720312
YGRCTY1-3,SNR7-L,0.19825064840011575
YGRCTY1-3,YHL047C,0.4463935851515163
YGRCTY1-3,YHL046C,0.3214132284166074
YGRCTY1-3,YHL044W,0.46909346635420085
YGRCTY1-3,YHL043W,0.6439580714242544
YGRCTY1-3,YHL042W,0.3852012286789481
YGRCTY1-3,YHL041W,0.3466994691617299
YGRCTY1-3,YHL040C,0.18278847295399803
YGRCTY1-3,YHL039W,0.08822254423978401
YGRCTY1-3,YHL038C,0.39641728598744064
YGRCTY1-3,YHL037C,0.34637823095986914
YGRCTY1-3,YHL036W,0.12039057109921521
YGRCTY1-3,YHL035C,0.5852706983606194
YGRCTY1-3,YHL034C,0.6688073472376466
YGRCTY1-3,YHL033C,0.2594599839160619
YGRCTY1-3,YHL032C,0.4622908635493546
YGRCTY1-3,YHL031C,0.45441872472602496
YGRCTY1-3,YHL030W,0.4986353137051169
YGRCTY1-3,YHL029C,0.459716965158701
YGRCTY1-3,YHL028W,0.21780698519580724
YGRCTY1-3,YHL027W,0.5008938071785766
YGRCTY1-3,YHL026C,0.20668919060051164
YGRCTY1-3,YHL025W,0.5158914939088854
YGRCTY1-3,YHL024W,0.5281815710407388
YGRCTY1-3,SNR39,0.1847814050203397
YGRCTY1-3,SNR39b,0.11057015934046815
YGRCTY1-3,SNR46,0.3445237959919187
YGRCTY1-3,SNR48,0.35260036569746184
YGRCTY1-3,YGR275W,0.7070164616156337
YGRCTY1-3,YGR276C,0.6284587025534786
YGRCTY1-3,YGR277C,0.49899085765841944
YGRCTY1-3,YGR278W,0.5687718371415984
YGRCTY1-3,YGR279C,0.46998437708559077
YGRCTY1-3,YGR280C,0.027038020671997526
YGRCTY1-3,YGR281W,0.3014778809119417
YGRCTY1-3,YGR282C,0.7243490636828311
YGRCTY1-3,YGR283C,-0.02910189839023459
YGRCTY1-3,YGR284C,0.37983548197363054
YGRCTY1-3,YGR285C,0.04068923156184609
YGRCTY1-3,YGR286C,0.3685817761524099
YGRCTY1-3,YGR287C,0.40220699947213145
YGRCTY1-3,YGR288W,0.4050382524377433
YGRCTY1-3,YGR289C,0.37320367143758826
YGRCTY1-3,YGR290W,0.32261233834625747
YGRCTY1-3,YGR291C,-0.02941015898452145
YGRCTY1-3,YGR293C,0.3174385778594615
YGRCTY1-3,YGR294W,0.45564953930707336
YGRCTY1-3,YGR122C-A,0.7222767346723326
YGRCTY1-3,YGL006w-a,0.019637171114252956
YGRCTY1-3,YGR029W,0.6369477227534627
YGRCTY1-3,YGR254W,0.522192622420793
YGRCTY1-3,YGR255C,0.6378155020886529
YGRCTY1-3,YGR256W,0.14866099209791592
YGRCTY1-3,YGR257C,0.43079180711767845
YGRCTY1-3,YGR258C,0.2974113027017195
YGRCTY1-3,YGR259C,0.3956668643718006
YGRCTY1-3,YGR260W,0.6094268310746271
YGRCTY1-3,YGR261C,0.6052994843137595
YGRCTY1-3,YGR262C,0.5378367715257231
YGRCTY1-3,YGR263C,0.6562038708348441
YGRCTY1-3,YGR264C,0.07866834850473134
YGRCTY1-3,YGR265W,0.06115480370198217
YGRCTY1-3,YGR266W,0.5098776851431872
YGRCTY1-3,YGR267C,0.6164215770067165
YGRCTY1-3,YGR268C,0.559374323437158
YGRCTY1-3,YGR269W,0.49691831300979866
YGRCTY1-3,YGR270W,0.802434652981374
YGRCTY1-3,YGR271W,0.73123718145856
YGRCTY1-3,YGR272C,0.09203296686327192
YGRCTY1-3,YGR273C,0.0622666273341819
YGRCTY1-3,YGR274C,0.8140371750744269
YGRCTY1-3,YGR231C,0.6639350837279008
YGRCTY1-3,YGR232W,0.5741883790583093
YGRCTY1-3,YGR233C,0.4220676459124432
YGRCTY1-3,YGR234W,0.5018155067543775
YGRCTY1-3,YGR235C,0.6240072913354175
YGRCTY1-3,YGR236C,0.21530312914046346
YGRCTY1-3,YGR237C,0.5176728197607187
YGRCTY1-3,YGR238C,0.6201628837901917
YGRCTY1-3,YGR239C,0.38370266658465396
YGRCTY1-3,YGR240C,0.7032494953837529
YGRCTY1-3,YGR241C,0.5868534291498497
YGRCTY1-3,YGR242W,0.24105163630106055
YGRCTY1-3,YGR243W,0.5211999074796261
YGRCTY1-3,YGR244C,0.6264662346534178
YGRCTY1-3,YGR245C,0.013035479441388897
YGRCTY1-3,YGR246C,0.8191022074953058
YGRCTY1-3,YGR247W,0.4876225914503035
YGRCTY1-3,YGR248W,0.19581013378546355
YGRCTY1-3,YGR249W,0.4198206909306915
YGRCTY1-3,YGR250C,0.462451585495908
YGRCTY1-3,YGR251W,0.09139650510346414
YGRCTY1-3,YGR252W,0.3730501952263654
YGRCTY1-3,YGR253C,0.3471275759811561
YGRCTY1-3,YGR209C,0.7780916988133146
YGRCTY1-3,YGR210C,0.3333177705495925
YGRCTY1-3,YGR211W,0.14881870013731643
YGRCTY1-3,YGR212W,0.4472242347276756
YGRCTY1-3,YGR213C,0.685320793597767
YGRCTY1-3,YGR214W,0.20865916658942602
YGRCTY1-3,YGR215W,0.44348237308318744
YGRCTY1-3,YGR216C,0.5997803346028732
YGRCTY1-3,YGR217W,0.4862505161273555
YGRCTY1-3,YGR218W,0.29734415560605515
YGRCTY1-3,YGR219W,0.35100257768284976
YGRCTY1-3,YGR220C,0.32601687647572924
YGRCTY1-3,YGR221C,0.13211575538379597
YGRCTY1-3,YGR222W,0.4574910680449658
YGRCTY1-3,YGR223C,0.6045130525255908
YGRCTY1-3,YGR224W,0.6435812811625314
YGRCTY1-3,YGR225W,0.5315338309605973
YGRCTY1-3,YGR226C,-0.01674697209687578
YGRCTY1-3,YGR227W,0.6400523332608729
YGRCTY1-3,YGR228W,0.23109524966107559
YGRCTY1-3,YGR229C,0.3241007507433861
YGRCTY1-3,YGR230W,0.3225145830092164
YGRCTY1-3,YGR187C,-0.03713874094051638
YGRCTY1-3,YGR188C,0.30949501177208766
YGRCTY1-3,YGR189C,0.23485089191455277
YGRCTY1-3,YGR190C,0.17160758473053866
YGRCTY1-3,YGR191W,0.04851931111844825
YGRCTY1-3,YGR192C,0.5531169613479693
YGRCTY1-3,YGR193C,0.5922578810753358
YGRCTY1-3,YGR194C,0.5709729156044765
YGRCTY1-3,YGR195W,0.2494097699337039
YGRCTY1-3,YGR196C,0.6204273404334876
YGRCTY1-3,YGR197C,0.5888190575858141
YGRCTY1-3,YGR198W,0.37910213738848975
YGRCTY1-3,YGR199W,0.544513078375871
YGRCTY1-3,YGR200C,0.020685504027375883
YGRCTY1-3,YGR201C,0.6960383361218071
YGRCTY1-3,YGR202C,0.7186647502866668
YGRCTY1-3,YGR203W,0.4670242650754575
YGRCTY1-3,YGR204W,0.20606074252391804
YGRCTY1-3,YGR205W,0.4848157326561205
YGRCTY1-3,YGR206W,0.579973872576226
YGRCTY1-3,YGR207C,0.44564651922140563
YGRCTY1-3,YGR208W,0.03191920583465673
YGRCTY1-3,YGR164W,0.4821621597224233
YGRCTY1-3,YGR165W,0.4008928843204968
YGRCTY1-3,YGR166W,0.3806662533057055
YGRCTY1-3,YGR167W,0.6147917344859909
YGRCTY1-3,YGR168C,0.5088379203768021
YGRCTY1-3,YGR169C,0.2924027560916079
YGRCTY1-3,YGR170W,0.7822890541948894
YGRCTY1-3,YGR171C,0.5537826659977874
YGRCTY1-3,YGR172C,0.4365571392679989
YGRCTY1-3,YGR173W,0.13907280748210588
YGRCTY1-3,YGR174C,0.6497926463001878
YGRCTY1-3,YGR175C,0.4753300741833614
YGRCTY1-3,YGR176W,0.2583170772261026
YGRCTY1-3,YGR177C,0.43812360611194145
YGRCTY1-3,YGR178C,0.6694360072017652
YGRCTY1-3,YGR179C,0.5596197651794478
YGRCTY1-3,YGR180C,0.5968879157960084
YGRCTY1-3,YGR181W,0.548204919160731
YGRCTY1-3,YGR182C,0.6444366470270769
YGRCTY1-3,YGR183C,0.5881998321249673
YGRCTY1-3,YGR184C,0.6547474279175619
YGRCTY1-3,YGR185C,0.17111422016136674
YGRCTY1-3,YGR186W,0.28731432166195164
YGRCTY1-3,YGR142W,0.21461234561702608
YGRCTY1-3,YGR143W,0.4192408923529849
YGRCTY1-3,YGR144W,0.8112784633770842
YGRCTY1-3,YGR145W,0.05938138798097989
YGRCTY1-3,YGR146C,0.33789517103518857
YGRCTY1-3,YGR147C,0.5910913926784762
YGRCTY1-3,YGR148C,0.33388934110222823
YGRCTY1-3,YGR149W,0.3972005860583612
YGRCTY1-3,YGR150C,0.5681790669064806
YGRCTY1-3,YGR151C,0.09079715744793466
YGRCTY1-3,YGR152C,0.07285455184391015
YGRCTY1-3,YGR153W,0.17048974225056485
YGRCTY1-3,YGR154C,0.21842025645102148
YGRCTY1-3,YGR155W,0.18932763670744523
YGRCTY1-3,YGR156W,0.33359544399173363
YGRCTY1-3,YGR157W,0.5784554881472668
YGRCTY1-3,YGR158C,0.07245701315023986
YGRCTY1-3,YGR159C,-0.0047078975189970935
YGRCTY1-3,YGR160W,-0.011742930572734971
YGRCTY1-3,YGR161C,0.2904486605057181
YGRCTY1-3,YGR162W,0.04160550311569747
YGRCTY1-3,YGR163W,0.6106516430663852
YGRCTY1-3,YGR120C,0.2983871958054759
YGRCTY1-3,YGR121C,-0.06763453366440027
YGRCTY1-3,YGR122W,0.17135344222278484
YGRCTY1-3,YGR123C,-0.05284044167181622
YGRCTY1-3,YGR124W,0.1638922571687887
YGRCTY1-3,YGR125W,0.07401265110828907
YGRCTY1-3,YGR126W,0.45095631696353977
YGRCTY1-3,YGR127W,0.3169036102812952
YGRCTY1-3,YGR128C,-0.004651683273649724
YGRCTY1-3,YGR129W,0.4420933537467914
YGRCTY1-3,YGR130C,0.39545725474943855
YGRCTY1-3,YGR131W,0.6208496805706574
YGRCTY1-3,YGR132C,0.6295888858546227
YGRCTY1-3,YGR133W,0.5715493459136791
YGRCTY1-3,YGR134W,0.5743289912397562
YGRCTY1-3,YGR135W,0.685010780252004
YGRCTY1-3,YGR136W,0.4908429096731145
YGRCTY1-3,YGR137W,0.6373590013187703
YGRCTY1-3,YGR138C,0.05802712115306082
YGRCTY1-3,YGR139W,0.42048379302422567
YGRCTY1-3,YGR140W,0.6199552534615205
YGRCTY1-3,YGR141W,0.5648374770051547
YGRCTY1-3,YGR098C,0.6418791669965482
YGRCTY1-3,YGR099W,0.6151226801773555
YGRCTY1-3,YGR100W,0.31614740291465865
YGRCTY1-3,YGR101W,0.37585144533117687
YGRCTY1-3,YGR102C,0.5653376524013477
YGRCTY1-3,YGR103W,-0.016005558260531697
YGRCTY1-3,YGR104C,0.7392808530722155
YGRCTY1-3,YGR105W,0.5948668765747291
YGRCTY1-3,YGR106C,0.6339013259844869
YGRCTY1-3,YGR107W,0.4390962423486975
YGRCTY1-3,YGR108W,0.2189975326991778
YGRCTY1-3,YGR109C,0.032589436241117625
YGRCTY1-3,YGR110W,0.5422894918998338
YGRCTY1-3,YGR111W,0.6450866169095977
YGRCTY1-3,YGR112W,0.6042833676574835
YGRCTY1-3,YGR113W,0.6831504122940685
YGRCTY1-3,YGR114C,0.4493338776552824
YGRCTY1-3,YGR115C,0.24988236435301753
YGRCTY1-3,YGR116W,0.4082376737752957
YGRCTY1-3,YGR117C,0.4172556672471375
YGRCTY1-3,YGR118W,0.29976588809375143
YGRCTY1-3,YGR119C,0.4035979022562616
YGRCTY1-3,YGR075C,0.7530159866031394
YGRCTY1-3,YGR076C,0.4140428158235698
YGRCTY1-3,YGR077C,0.5938138818336676
YGRCTY1-3,YGR078C,0.22232444329034104
YGRCTY1-3,YGR079W,0.14189502062899953
YGRCTY1-3,YGR080W,0.6931679587664176
YGRCTY1-3,YGR081C,0.11166399392530693
YGRCTY1-3,YGR082W,0.4035824265953152
YGRCTY1-3,YGR083C,0.09703626779865285
YGRCTY1-3,YGR084C,0.39840231309595736
YGRCTY1-3,YGR085C,0.2341720228094439
YGRCTY1-3,YGR086C,0.3065312614521087
YGRCTY1-3,YGR087C,0.08435272223246164
YGRCTY1-3,YGR088W,0.057613521382588566
YGRCTY1-3,YGR089W,0.21736568193140524
YGRCTY1-3,YGR090W,-0.10334589045861955
YGRCTY1-3,YGR091W,0.2358183842889994
YGRCTY1-3,YGR092W,0.40446508104704826
YGRCTY1-3,YGR093W,0.20185908294594143
YGRCTY1-3,YGR094W,0.3366553653510126
YGRCTY1-3,YGR095C,0.2151545296883952
YGRCTY1-3,YGR096W,0.48870481787511344
YGRCTY1-3,YGR097W,0.47492940637070097
YGRCTY1-3,YGR053C,0.41072511815477436
YGRCTY1-3,YGR054W,0.08686334203623886
YGRCTY1-3,YGR055W,-0.12337445288758565
YGRCTY1-3,YGR056W,-0.014563440844967282
YGRCTY1-3,YGR057C,0.36242266730132106
YGRCTY1-3,YGR058W,0.3753571634684615
YGRCTY1-3,YGR059W,0.34023680352948144
YGRCTY1-3,YGR060W,0.3074603057621733
YGRCTY1-3,YGR061C,0.02875532697773849
YGRCTY1-3,YGR062C,0.3803761510178027
YGRCTY1-3,YGR063C,0.23394312371429624
YGRCTY1-3,YGR064W,0.34121433632638315
YGRCTY1-3,YGR065C,0.689338595733507
YGRCTY1-3,YGR066C,0.18916216376073655
YGRCTY1-3,YGR067C,0.47786186007732917
YGRCTY1-3,YGR068C,0.08533595637278749
YGRCTY1-3,YGR069W,0.558883335932774
YGRCTY1-3,YGR070W,0.50390036767283
YGRCTY1-3,YGR071C,0.6877911224210298
YGRCTY1-3,YGR072W,0.4043897471781565
YGRCTY1-3,YGR073C,0.794263402467874
YGRCTY1-3,YGR074W,0.6941288615884396
YGRCTY1-3,YGR028W,0.44578347641984956
YGRCTY1-3,YGR030C,0.5448034958614456
YGRCTY1-3,YGR031W,0.57218732111723
YGRCTY1-3,YGR032W,0.5772620437067799
YGRCTY1-3,YGR033C,0.4230272652362692
YGRCTY1-3,YGR035C,0.03409362519133922
YGRCTY1-3,YGR036C,0.29061561298635824
YGRCTY1-3,YGR037C,0.86198544754578
YGRCTY1-3,YGR038W,0.5828080290805998
YGRCTY1-3,YGR039W,0.2809424686836895
YGRCTY1-3,YGR040W,0.43981039435708547
YGRCTY1-3,YGR041W,0.20048433960447778
YGRCTY1-3,YGR042W,0.7254737523770469
YGRCTY1-3,YGR043C,0.22770258260696422
YGRCTY1-3,YGR044C,0.16110719404491994
YGRCTY1-3,YGR045C,0.551643342799762
YGRCTY1-3,YGR046W,0.6187905485654848
YGRCTY1-3,YGR047C,0.6268331059410726
YGRCTY1-3,YGR048W,0.5885349475104419
YGRCTY1-3,YGR049W,0.46196650516795845
YGRCTY1-3,YGR050C,0.41490006432238885
YGRCTY1-3,YGR051C,0.3977723361595006
YGRCTY1-3,YGR052W,0.23556521437816802
YGRCTY1-3,YGR007W,0.6726248251406723
YGRCTY1-3,YGR008C,0.48493295416317544
YGRCTY1-3,YGR009C,0.7887964839685732
YGRCTY1-3,YGR010W,0.6264025005239885
YGRCTY1-3,YGR011W,0.6026894217846334
YGRCTY1-3,YGR012W,0.6458502922595407
YGRCTY1-3,YGR013W,0.6499812561081592
YGRCTY1-3,YGR014W,0.3425262625476489
YGRCTY1-3,YGR015C,0.6720999093324034
YGRCTY1-3,YGR016W,0.5027581640205132
YGRCTY1-3,YGR017W,0.4581936723760115
YGRCTY1-3,YGR018C,0.5137056279782282
YGRCTY1-3,YGR019W,0.34300258139748746
YGRCTY1-3,YGR020C,0.04677154752696755
YGRCTY1-3,YGR021W,0.29439375586926403
YGRCTY1-3,YGR022C,0.02029220652931891
YGRCTY1-3,YGR023W,0.575976243505386
YGRCTY1-3,YGR024C,0.5940468930681845
YGRCTY1-3,YGR025W,0.4463870919477403
YGRCTY1-3,YGR026W,0.647558745979271
YGRCTY1-3,YGR027C,0.45720013634517104
YGRCTY1-3,YGL015C,0.23342532195924515
YGRCTY1-3,YGL014W,0.27051042393178154
YGRCTY1-3,YGL013C,0.18941619669504525
YGRCTY1-3,YGL012W,0.01821458794459437
YGRCTY1-3,YGL011C,0.15267854573171594
YGRCTY1-3,YGL010W,0.11909291957954285
YGRCTY1-3,YGL009C,0.18432582891977567
YGRCTY1-3,YGL008C,0.2699903836341042
YGRCTY1-3,YGL007W,0.4285506822077751
YGRCTY1-3,YGL006W,0.5122802219487854
YGRCTY1-3,YGL005C,0.5285730053070713
YGRCTY1-3,YGL004C,0.6789147775334488
YGRCTY1-3,YGL003C,0.6100632143439804
YGRCTY1-3,YGL002W,0.551489118887145
YGRCTY1-3,YGL001C,0.4014764820663242
YGRCTY1-3,YGR001C,0.32915820587399147
YGRCTY1-3,YGR002C,0.5567198400838667
YGRCTY1-3,YGR003W,0.47527311506745046
YGRCTY1-3,YGR004W,0.3385030703098971
YGRCTY1-3,YGR005C,0.4592694537437938
YGRCTY1-3,YGR006W,0.545606625192015
YGRCTY1-3,YGL038C,0.2977643368585568
YGRCTY1-3,YGL037C,0.2866360145798277
YGRCTY1-3,YGL036W,0.3743948820044396
YGRCTY1-3,YGL035C,0.4915106805017735
YGRCTY1-3,YGL034C,0.019669829678680518
YGRCTY1-3,YGL033W,0.48548896985183726
YGRCTY1-3,YGL032C,0.35171910950038343
YGRCTY1-3,YGL031C,0.33744452720392815
YGRCTY1-3,YGL030W,0.5157665071515687
YGRCTY1-3,YGL029W,0.024342272145708006
YGRCTY1-3,YGL028C,0.07622171963416283
YGRCTY1-3,YGL027C,0.4883419750445971
YGRCTY1-3,YGL026C,0.5058303958402829
YGRCTY1-3,YGL025C,0.6134955140351841
YGRCTY1-3,YGL024W,0.5075636477689612
YGRCTY1-3,YGL023C,0.5520718363878534
YGRCTY1-3,YGL022W,0.5604109296399542
YGRCTY1-3,YGL021W,0.42011000471580895
YGRCTY1-3,YGL020C,0.6173766580881102
YGRCTY1-3,YGL019W,0.6280040209743988
YGRCTY1-3,YGL018C,0.5981719763729683
YGRCTY1-3,YGL017W,0.38894586948385107
YGRCTY1-3,YGL016W,0.2695804045661728
YGRCTY1-3,YGL060W,0.46665845820961893
YGRCTY1-3,YGL059W,0.4048600272666968
YGRCTY1-3,YGL058W,0.5404800042176215
YGRCTY1-3,YGL057C,0.68400795034881
YGRCTY1-3,YGL056C,0.6007649569451589
YGRCTY1-3,YGL055W,0.7236456206322535
YGRCTY1-3,YGL054C,0.6247049459304603
YGRCTY1-3,YGL053W,0.5843000670561931
YGRCTY1-3,YGL052W,0.6516912647633251
YGRCTY1-3,YGL051W,0.6259158637830945
YGRCTY1-3,YGL050W,0.30236621252147605
YGRCTY1-3,YGL049C,0.33063007525107946
YGRCTY1-3,YGL048C,0.5667528027344007
YGRCTY1-3,YGL047W,0.35754394089238967
YGRCTY1-3,YGL046W,0.1643908012435632
YGRCTY1-3,YGL045W,0.05180932955349658
YGRCTY1-3,YGL044C,-0.0886076850660751
YGRCTY1-3,YGL043W,0.21101191366560357
YGRCTY1-3,YGL042C,0.4067303986095953
YGRCTY1-3,YGL041C,0.5585236749441719
YGRCTY1-3,YGL040C,0.36517821141296014
YGRCTY1-3,YGL039W,0.6057637680445257
YGRCTY1-3,YGL082W,0.5490226712061139
YGRCTY1-3,YGL081W,0.31733285607491934
YGRCTY1-3,YGL080W,0.37890955149028216
YGRCTY1-3,YGL079W,0.32407359265603664
YGRCTY1-3,YGL078C,-0.0469280054416676
YGRCTY1-3,YGL077C,0.10146671494087588
YGRCTY1-3,YGL076C,-0.060096224776989546
YGRCTY1-3,YGL075C,0.4003138959569469
YGRCTY1-3,YGL074C,0.1284026999638939
YGRCTY1-3,YGL073W,0.4187349936715203
YGRCTY1-3,YGL072C,0.5430739528410394
YGRCTY1-3,YGL071W,0.30201704267592994
YGRCTY1-3,YGL070C,0.2374572164781279
YGRCTY1-3,YGL069C,0.38936186850094734
YGRCTY1-3,YGL068W,0.4191318356491146
YGRCTY1-3,YGL067W,0.3962360517411783
YGRCTY1-3,YGL066W,0.4730798868784595
YGRCTY1-3,YGL065C,0.48978750075077665
YGRCTY1-3,YGL064C,0.2520111483636459
YGRCTY1-3,YGL063W,0.30979515658003814
YGRCTY1-3,YGL062W,0.42833448232392013
YGRCTY1-3,YGL061C,0.32814218856298133
YGRCTY1-3,YGL105W,0.6550770333906202
YGRCTY1-3,YGL104C,0.45671536625092823
YGRCTY1-3,YGL103W,0.3634088067777001
YGRCTY1-3,YGL102C,0.49583907125223203
YGRCTY1-3,YGL101W,0.5019135296548939
YGRCTY1-3,YGL100W,0.7170168343569762
YGRCTY1-3,YGL099W,0.004693441105492316
YGRCTY1-3,YGL098W,0.1584256197220324
YGRCTY1-3,YGL097W,0.2143125299005516
YGRCTY1-3,YGL096W,0.32443157928471983
YGRCTY1-3,YGL095C,0.6512958783096862
YGRCTY1-3,YGL094C,0.5954510897494313
YGRCTY1-3,YGL093W,0.6430603801682847
YGRCTY1-3,YGL092W,0.4605444593719674
YGRCTY1-3,YGL091C,0.6838784967703967
YGRCTY1-3,YGL090W,0.4592999096617055
YGRCTY1-3,YGL089C,0.5781637018095116
YGRCTY1-3,YGL088W,0.1677765490884885
YGRCTY1-3,YGL087C,0.6573569386837788
YGRCTY1-3,YGL086W,0.5047681387727677
YGRCTY1-3,YGL085W,0.612087269526522
YGRCTY1-3,YGL084C,0.6693498328996997
YGRCTY1-3,YGL083W,0.5257693337487899
YGRCTY1-3,YGL127C,0.6758242201560544
YGRCTY1-3,YGL126W,0.570944045177496
YGRCTY1-3,YGL125W,0.4167486693777631
YGRCTY1-3,YGL124C,0.715140276305839
YGRCTY1-3,YGL123W,0.37816038689804427
YGRCTY1-3,YGL122C,0.40924304592651667
YGRCTY1-3,YGL121C,0.3362979731967013
YGRCTY1-3,YGL120C,0.03290042515194776
YGRCTY1-3,YGL119W,0.49753943649563015
YGRCTY1-3,YGL118C,0.46126692368862443
YGRCTY1-3,YGL117W,0.5420549376464685
YGRCTY1-3,YGL116W,0.3978192255383547
YGRCTY1-3,YGL115W,0.49316011898899953
YGRCTY1-3,YGL114W,0.5241976602122665
YGRCTY1-3,YGL113W,0.42601528103809955
YGRCTY1-3,YGL112C,0.28159971301745135
YGRCTY1-3,YGL111W,-0.024646870449083452
YGRCTY1-3,YGL110C,0.12268728100170599
YGRCTY1-3,YGL109W,0.1778586647022475
YGRCTY1-3,YGL108C,0.518220656752422
YGRCTY1-3,YGL107C,0.4205646610408518
YGRCTY1-3,YGL106W,0.7190671221296365
YGRCTY1-3,YGL153W,0.6209855554798356
YGRCTY1-3,YGL151W,0.48729376406916264
YGRCTY1-3,YGL150C,0.4135587287122734
YGRCTY1-3,YGL149W,0.24075054920828132
YGRCTY1-3,YGL148W,0.2292157844981075
YGRCTY1-3,YGL147C,0.16025600218493866
YGRCTY1-3,YGL146C,0.2870464223381276
YGRCTY1-3,YGL145W,0.04918184440578565
YGRCTY1-3,YGL144C,0.018146848988991538
YGRCTY1-3,YGL143C,0.22923825257574526
YGRCTY1-3,YGL142C,0.36019687913230936
YGRCTY1-3,YGL141W,0.34233526318939894
YGRCTY1-3,YGL140C,0.4541188820429638
YGRCTY1-3,YGL139W,0.4877794531145847
YGRCTY1-3,YGL138C,0.07647914619955047
YGRCTY1-3,YGL137W,0.6336180652220492
YGRCTY1-3,YGL136C,0.6259686263965036
YGRCTY1-3,YGL134W,0.7116560246226745
YGRCTY1-3,YGL133W,0.46982658148111595
YGRCTY1-3,YGL132W,0.5447600883199102
YGRCTY1-3,YGL131C,0.3803167438876925
YGRCTY1-3,YGL130W,0.6147149643210685
YGRCTY1-3,YGL129C,0.4147472692896722
YGRCTY1-3,YGL128C,0.6561488960725573
YGRCTY1-3,YGL174W,0.2726767369258003
YGRCTY1-3,YGL173C,0.6384214495586557
YGRCTY1-3,YGL172W,0.4290116919178767
YGRCTY1-3,YGL171W,-0.006710164562205767
YGRCTY1-3,YGL170C,0.47320244459611455
YGRCTY1-3,YGL169W,0.35490694098348285
YGRCTY1-3,YGL168W,0.4730539992769173
YGRCTY1-3,YGL167C,0.4276382005354359
YGRCTY1-3,YGL166W,0.5426463495214204
YGRCTY1-3,YGL165C,0.6260555097326264
YGRCTY1-3,YGL164C,0.43983219751754177
YGRCTY1-3,YGL163C,0.4567807833679195
YGRCTY1-3,YGL162W,0.34318546187587257
YGRCTY1-3,YGL161C,0.6139531059522867
YGRCTY1-3,YGL160W,0.4901532336048597
YGRCTY1-3,YGL159W,0.6944660819448296
YGRCTY1-3,YGL158W,0.20035509330768098
YGRCTY1-3,YGL157W,0.7095550194267141
YGRCTY1-3,YGL156W,0.3429991082413086
YGRCTY1-3,YGL155W,0.6186838555231893
YGRCTY1-3,YGL154C,0.5087093060457547
YGRCTY1-3,YGL152C,0.6073103502893754
YGRCTY1-3,YGL196W,0.44534514991709856
YGRCTY1-3,YGL195W,0.24006673257802744
YGRCTY1-3,YGL194C,0.5472726428369195
YGRCTY1-3,YGL193C,0.6207692004248351
YGRCTY1-3,YGL192W,0.5247702179625325
YGRCTY1-3,YGL191W,0.6891148585380015
YGRCTY1-3,YGL190C,0.6063191246705163
YGRCTY1-3,YGL189C,0.5073043631104419
YGRCTY1-3,YGL188C,0.4033988093709378
YGRCTY1-3,YGL187C,0.6732145037985534
YGRCTY1-3,YGL186C,0.08496173681930248
YGRCTY1-3,YGL185C,0.6811358965364561
YGRCTY1-3,YGL184C,0.029098662530598635
YGRCTY1-3,YGL183C,0.2426652490754919
YGRCTY1-3,YGL182C,0.10320948365605861
YGRCTY1-3,YGL181W,0.43390791037583315
YGRCTY1-3,YGL180W,0.10262838978193821
YGRCTY1-3,YGL179C,0.4365376313296171
YGRCTY1-3,YGL177W,-0.08200315265580976
YGRCTY1-3,YGL178W,0.10219463971858446
YGRCTY1-3,YGL176C,0.4121102942909305
YGRCTY1-3,YGL175C,0.41788347858482405
YGRCTY1-3,YGL219C,0.6626403496208704
YGRCTY1-3,YGL218W,0.5151758818071156
YGRCTY1-3,YGL217C,0.42967100180229983
YGRCTY1-3,YGL216W,0.5022847530070798
YGRCTY1-3,YGL215W,0.11725782062197475
YGRCTY1-3,YGL214W,0.3863362009270761
YGRCTY1-3,YGL213C,0.27988045844022297
YGRCTY1-3,YGL212W,0.249714087375806
YGRCTY1-3,YGL211W,0.0012097953918369971
YGRCTY1-3,YGL210W,0.09353828749790909
YGRCTY1-3,YGL209W,0.3559793502494895
YGRCTY1-3,YGL208W,0.35270213264033623
YGRCTY1-3,YGL207W,0.46661601449453904
YGRCTY1-3,YGL206C,0.676356244081551
YGRCTY1-3,YGL205W,0.32047701102974546
YGRCTY1-3,YGL204C,0.3288354397264264
YGRCTY1-3,YGL203C,0.3596646332621941
YGRCTY1-3,YGL202W,0.17452688908604116
YGRCTY1-3,YGL201C,0.22985804346084732
YGRCTY1-3,YGL200C,0.4387229713975733
YGRCTY1-3,YGL199C,0.5204851682798637
YGRCTY1-3,YGL198W,0.5247100645201906
YGRCTY1-3,YGL197W,0.4955614506426022
YGRCTY1-3,YGL239C,0.1996600023622942
YGRCTY1-3,YGL238W,0.3321780809900201
YGRCTY1-3,YGL237C,0.45902611655936776
YGRCTY1-3,YGL236C,0.23250727532964022
YGRCTY1-3,YGL235W,0.2911225986095762
YGRCTY1-3,YGL234W,-0.04015577317242872
YGRCTY1-3,YGL233W,0.5983269962499965
YGRCTY1-3,YGL232W,0.38362380532916973
YGRCTY1-3,YGL231C,0.568083253537345
YGRCTY1-3,YGL230C,0.3627380281310895
YGRCTY1-3,YGL229C,0.3627857896559747
YGRCTY1-3,YGL228W,0.5199604888369138
YGRCTY1-3,YGL227W,0.4122140161703561
YGRCTY1-3,YGL226C-A,0.7251977824370751
YGRCTY1-3,YGL226W,0.4745700726113027
YGRCTY1-3,YGL225W,0.19233486194564609
YGRCTY1-3,YGL224C,0.443086600167831
YGRCTY1-3,YGL223C,0.7378007273942875
YGRCTY1-3,YGL222C,0.3525484943118457
YGRCTY1-3,YGL221C,0.7231130343219353
YGRCTY1-3,YGL220W,0.5874690511890651
YGRCTY1-3,YGL261C,0.2797718079939961
YGRCTY1-3,YGL259W,0.5956523094728923
YGRCTY1-3,YGL258W,0.3536329023846399
YGRCTY1-3,YGL257C,0.6408713912697916
YGRCTY1-3,YGL256W,0.6551041492584656
YGRCTY1-3,YGL255W,0.09027522068323796
YGRCTY1-3,YGL254W,0.6555382682087683
YGRCTY1-3,YGL253W,0.2989080534060156
YGRCTY1-3,YGL252C,0.5919349186256897
YGRCTY1-3,YGL251C,0.6744874576059853
YGRCTY1-3,YGL250W,0.5445333904638896
YGRCTY1-3,YGL249W,0.09652232543914017
YGRCTY1-3,YGL248W,0.49229854430342584
YGRCTY1-3,YGL247W,0.292286761741598
YGRCTY1-3,YGL246C,0.04761185014568594
YGRCTY1-3,YGL245W,0.2674601175669365
YGRCTY1-3,YGL244W,0.288611246312703
YGRCTY1-3,YGL243W,0.08839620610155763
YGRCTY1-3,YGL242C,0.2396637176864774
YGRCTY1-3,YGL241W,0.08098757913306362
YGRCTY1-3,YGL240W,0.12857488920689014
YGRCTY1-3,YGL263W,0.45462995764722736
YGRCTY1-3,YGL262W,0.36385727279730173
YGRCTY1-3,YFR045W,0.29712131720274965
YGRCTY1-3,YFR046C,0.2798868536311726
YGRCTY1-3,YFR047C,0.5148712027752292
YGRCTY1-3,YFR048W,0.18758511351919582
YGRCTY1-3,YFR049W,0.49473789742043006
YGRCTY1-3,YFR050C,0.3838413963420332
YGRCTY1-3,YFR051C,0.31513078032260994
YGRCTY1-3,YFR052W,0.38338054012101846
YGRCTY1-3,YFR053C,0.45999054291049196
YGRCTY1-3,YFR054C,0.591433848574893
YGRCTY1-3,YFR056C,0.10500459871858868
YGRCTY1-3,YFR055W,0.11049202483358979
YGRCTY1-3,YFR057W,0.16077898452282946
YGRCTY1-3,YFL043C,0.39224165015752926
YGRCTY1-3,YFL035C,0.33585323566877584
YGRCTY1-3,YFL021c-a,-0.0645257208381815
YGRCTY1-3,YFL013w-a,0.6193203969795028
YGRCTY1-3,YFR036w-a,0.3874993685691232
YGRCTY1-3,YFL042C,0.3742177613600747
YGRCTY1-3,YFL031W,0.5291510205200823
YGRCTY1-3,YFR025C,0.43589889803665416
YGRCTY1-3,YFR026C,0.2964855311567747
YGRCTY1-3,YFR027W,0.237532178831368
YGRCTY1-3,YFR028C,0.4898069302101247
YGRCTY1-3,YFR029W,0.6764198456006678
YGRCTY1-3,YFR030W,0.2509407143036017
YGRCTY1-3,YFR031C,0.5080224992740747
YGRCTY1-3,YFR031C-A,0.29245197217962626
YGRCTY1-3,YFR032C,0.03961908719902594
YGRCTY1-3,YFR032C-A,0.20935169878907392
YGRCTY1-3,YFR033C,0.4846125878741253
YGRCTY1-3,YFR034C,0.1949656327116324
YGRCTY1-3,YFR035C,0.4876361235594406
